motif,length,species_count,mean_frequency,std_frequency,conservation_score,coefficient_of_variation,species
GGA,3,4,0.0002728255007884831,7.327196332174146e-06,0.9731432864193483,0.02685671358065167,"calJac3, hg38, panTro6, rheMac10"
ACAC,4,4,0.0001365975209606979,4.030453772004133e-06,0.9704939464226164,0.029506053577383614,"calJac3, hg38, panTro6, rheMac10"
AAAAAAAAGAAAG,13,4,7.901884275412173e-05,2.4796272142268174e-06,0.9686197984202005,0.03138020157979948,"calJac3, hg38, panTro6, rheMac10"
CAAAAAACAAAAA,13,3,7.839119526125316e-05,2.5733835044215273e-06,0.9671725441123171,0.03282745588768293,"hg38, panTro6, rheMac10"
AAAAAGAAAAG,11,3,0.00011758679289187973,3.860075256632292e-06,0.967172544112317,0.032827455887682946,"hg38, panTro6, rheMac10"
TGTGTGTATATATA,14,3,0.00012382046845400144,5.053252908202383e-06,0.9591888726371631,0.04081112736283691,"hg38, panTro6, rheMac10"
AAAAAAAAAAAAAAG,15,4,0.00038500461816160067,1.696467274196662e-05,0.9559364435082025,0.0440635564917975,"calJac3, hg38, panTro6, rheMac10"
TCTCCC,6,4,5.757867820657614e-05,2.687081155857758e-06,0.9533320103977159,0.04666798960228411,"calJac3, hg38, panTro6, rheMac10"
AAAAAAAAAAGAAAG,15,4,5.757867820657614e-05,2.687081155857758e-06,0.9533320103977159,0.04666798960228411,"calJac3, hg38, panTro6, rheMac10"
TTTAA,5,4,5.757867820657614e-05,2.687081155857758e-06,0.9533320103977159,0.04666798960228411,"calJac3, hg38, panTro6, rheMac10"
AAAAAAAGAAAAAG,14,4,5.757867820657614e-05,2.687081155857758e-06,0.9533320103977159,0.04666798960228411,"calJac3, hg38, panTro6, rheMac10"
TTTTTGTTTTG,11,3,0.00015005599344983432,7.376125494594432e-06,0.9508441793958708,0.04915582060412914,"hg38, panTro6, rheMac10"
AAAAAAGAAAAAG,13,3,0.00015014466434198673,9.006306684049051e-06,0.9400158059327686,0.059984194067231406,"hg38, panTro6, rheMac10"
TCTT,4,4,0.002092285982473711,0.00014192038901750898,0.9321696984989994,0.06783030150100056,"calJac3, hg38, panTro6, rheMac10"
GAGG,4,4,0.0004131865981452069,2.906401308482756e-05,0.9296588678933542,0.07034113210664578,"calJac3, hg38, panTro6, rheMac10"
TATC,4,4,0.0018121387239083023,0.00012795376460231905,0.9293907453584145,0.07060925464158546,"calJac3, hg38, panTro6, rheMac10"
TTTTTTTTTTTG,12,3,8.468654427692936e-05,6.25649958813098e-06,0.926121680350164,0.07387831964983603,"calJac3, hg38, rheMac10"
AAGA,4,4,0.0009253052175860943,7.156402959356694e-05,0.9226590013398381,0.0773409986601619,"calJac3, hg38, panTro6, rheMac10"
ATCT,4,4,0.0012086782682623452,9.378704209867798e-05,0.9224052880229983,0.0775947119770018,"calJac3, hg38, panTro6, rheMac10"
ATAG,4,4,0.0016130877585620945,0.00012652940204959236,0.921560744988617,0.078439255011383,"calJac3, hg38, panTro6, rheMac10"
TATG,4,4,0.0004986644664505392,3.995751527260109e-05,0.9198709393572475,0.08012906064275252,"calJac3, hg38, panTro6, rheMac10"
AGAT,4,4,0.0012242892021357811,0.00010077897416749605,0.917683686181593,0.08231631381840697,"calJac3, hg38, panTro6, rheMac10"
CTT,3,4,0.0003081188373410626,2.589728958124738e-05,0.9159503203220867,0.0840496796779133,"calJac3, hg38, panTro6, rheMac10"
AAAAAAAAAAAAAAAAAG,18,4,9.371719186560669e-05,7.906035246527837e-06,0.915639435101029,0.08436056489897108,"calJac3, hg38, panTro6, rheMac10"
AAAAAGAAAA,10,4,9.371719186560669e-05,7.906035246527837e-06,0.915639435101029,0.08436056489897108,"calJac3, hg38, panTro6, rheMac10"
AAAAGAAAAG,10,3,9.126259700389445e-05,7.856807335674873e-06,0.9139098864857024,0.08609011351429764,"hg38, panTro6, rheMac10"
AAAAAATAAAAAAAT,15,3,9.126259700389445e-05,7.856807335674873e-06,0.9139098864857024,0.08609011351429764,"hg38, panTro6, rheMac10"
AAATT,5,3,9.126259700389445e-05,7.856807335674873e-06,0.9139098864857024,0.08609011351429764,"hg38, panTro6, rheMac10"
TCTA,4,4,0.0013619019318284998,0.00011772086700335375,0.9135614215295952,0.08643857847040486,"calJac3, hg38, panTro6, rheMac10"
ACACACATATAT,12,3,9.135126789604684e-05,8.805232702524458e-06,0.9036112699328446,0.0963887300671554,"hg38, panTro6, rheMac10"
ATAC,4,4,0.0004218847804706267,4.3956163659595564e-05,0.895810027537469,0.10418997246253107,"calJac3, hg38, panTro6, rheMac10"
TCAAAACCAAAACCAAAGTATCAAGAAATCCAAGCCAAG,39,3,6.502707200806155e-05,6.921079991172256e-06,0.893566175172177,0.106433824827823,"hg38, panTro6, rheMac10"
AGAGAGAC,8,4,7.397404494961774e-05,8.084995871420848e-06,0.890704964465207,0.10929503553479303,"calJac3, hg38, panTro6, rheMac10"
AAAAAAAAAAAG,12,4,0.00037545716169524524,4.1513322646179705e-05,0.8894325987584286,0.11056740124157133,"calJac3, hg38, panTro6, rheMac10"
TTTTTTTTCTTTTTT,15,3,7.166479818858116e-05,8.113305650252832e-06,0.8867881323142331,0.11321186768576683,"hg38, panTro6, rheMac10"
AAAAGAAAAAAAA,13,3,7.166479818858116e-05,8.113305650252832e-06,0.8867881323142331,0.11321186768576683,"hg38, panTro6, rheMac10"
AAAGAAAGAAAGAA,14,3,7.166479818858116e-05,8.113305650252832e-06,0.8867881323142331,0.11321186768576683,"hg38, panTro6, rheMac10"
CTAT,4,4,0.0006717674758190104,7.722777378123575e-05,0.8850379386303562,0.11496206136964376,"calJac3, hg38, panTro6, rheMac10"
AAAAACAAAAC,11,3,0.0001767842399562175,2.050417381352504e-05,0.8840158273237302,0.11598417267626977,"hg38, panTro6, rheMac10"
GTG,3,4,7.404054811873203e-05,8.613222756371797e-06,0.8836688412603381,0.11633115873966197,"calJac3, hg38, panTro6, rheMac10"
CTTT,4,4,0.0014711819935046052,0.00017347981234668312,0.8820813379224247,0.1179186620775753,"calJac3, hg38, panTro6, rheMac10"
TTTC,4,4,0.003617293318154119,0.000439265797067043,0.8785650599959648,0.12143494000403524,"calJac3, hg38, panTro6, rheMac10"
AAAAGAAAAAG,11,3,7.175346908073355e-05,8.831414735493958e-06,0.8769200312035468,0.12307996879645323,"hg38, panTro6, rheMac10"
AACC,4,3,7.175346908073355e-05,8.831414735493958e-06,0.8769200312035468,0.12307996879645323,"hg38, panTro6, rheMac10"
TTTTTTTTCTT,11,3,7.175346908073355e-05,8.831414735493958e-06,0.8769200312035468,0.12307996879645323,"hg38, panTro6, rheMac10"
AAAAAAAAAGAAAG,14,3,7.175346908073355e-05,8.831414735493958e-06,0.8769200312035468,0.12307996879645323,"hg38, panTro6, rheMac10"
CAAAAAAAAAAAAA,14,4,6.225393487816741e-05,7.680942637902352e-06,0.8766191622596361,0.12338083774036386,"calJac3, hg38, panTro6, rheMac10"
TATATAATA,9,3,8.502892144177276e-05,1.055880459529293e-05,0.8758210216446938,0.12417897835530618,"hg38, panTro6, rheMac10"
ACAT,4,4,9.043591486177363e-05,1.1446325739504518e-05,0.8734316365682859,0.1265683634317141,"calJac3, hg38, panTro6, rheMac10"
AAAAAT,6,4,0.0006781356530876737,8.623929211231087e-05,0.8728288481520654,0.12717115184793462,"calJac3, hg38, panTro6, rheMac10"
GCC,3,4,0.00011722391517762163,1.493899872539739e-05,0.8725601452334935,0.1274398547665066,"calJac3, hg38, panTro6, rheMac10"
AGAA,4,4,0.0015363912468836461,0.0001961931156969121,0.8723026337888462,0.12769736621115374,"calJac3, hg38, panTro6, rheMac10"
ATTATAT,7,3,0.00011045634520080983,1.4471119718859527e-05,0.8689878821126029,0.1310121178873971,"hg38, panTro6, rheMac10"
TCCCC,5,4,6.899575031422804e-05,9.120155353757025e-06,0.8678156942678207,0.1321843057321793,"calJac3, hg38, panTro6, rheMac10"
AAAG,4,4,0.004247140188717068,0.0005640631306609028,0.8671898958834958,0.13281010411650415,"calJac3, hg38, panTro6, rheMac10"
AAATGCACCAATCAGCACTCTGTAA,25,3,0.00012373179756184903,1.6514757345344906e-05,0.86652778290811,0.13347221709189006,"hg38, panTro6, rheMac10"
ATACATAT,8,3,7.378602857648927e-05,9.932657627491955e-06,0.8653856587877554,0.13461434121224458,"calJac3, hg38, panTro6"
GATA,4,4,0.0009178159945677691,0.0001264090178819934,0.8622719383512991,0.13772806164870088,"calJac3, hg38, panTro6, rheMac10"
GTTTTTT,7,3,0.00024059916010908534,3.3242820843242164e-05,0.8618331800153824,0.13816681998461752,"hg38, panTro6, rheMac10"
AAACAAAAC,9,4,0.0001050677608041443,1.4658281111893804e-05,0.8604873559719413,0.1395126440280587,"calJac3, hg38, panTro6, rheMac10"
TTCA,4,4,0.0002793880547961492,3.915960264563318e-05,0.8598379494992894,0.14016205050071065,"calJac3, hg38, panTro6, rheMac10"
AAAAAAAAGAA,11,4,0.0001165513360809105,1.6386174688550845e-05,0.8594080922660939,0.14059190773390606,"calJac3, hg38, panTro6, rheMac10"
TCAT,4,4,0.00010337074317258766,1.456469591201873e-05,0.8591023391628178,0.14089766083718228,"calJac3, hg38, panTro6, rheMac10"
TTTTCTTTTTT,11,4,0.00024993408320688956,3.522794879015278e-05,0.8590510412259703,0.1409489587740297,"calJac3, hg38, panTro6, rheMac10"
TTTTTATTTTTTA,13,4,0.0001605798802462511,2.28154306593799e-05,0.857918497483046,0.142081502516954,"calJac3, hg38, panTro6, rheMac10"
AAAAAAAAAAGAA,13,4,9.334765073269397e-05,1.3311167822276875e-05,0.8574022193617479,0.14259778063825218,"calJac3, hg38, panTro6, rheMac10"
TAGA,4,4,0.0010276893254220487,0.000147336195309409,0.8566335256533861,0.14336647434661381,"calJac3, hg38, panTro6, rheMac10"
GAAA,4,4,0.001531728670385963,0.00022249002201664802,0.8547458004030275,0.14525419959697253,"calJac3, hg38, panTro6, rheMac10"
CCTTT,5,4,5.260038357118644e-05,7.749573393656859e-06,0.8526707817031597,0.1473292182968403,"calJac3, hg38, panTro6, rheMac10"
AGAC,4,4,0.00019757023443038726,2.9398094980501727e-05,0.8512018013985807,0.14879819860141927,"calJac3, hg38, panTro6, rheMac10"
AAAAAAAAGAAA,12,4,7.227702731806112e-05,1.0822008866578022e-05,0.8502704210709322,0.1497295789290678,"calJac3, hg38, panTro6, rheMac10"
TGAA,4,4,0.0002448892854023856,3.7361659623372765e-05,0.8474344863149786,0.15256551368502136,"calJac3, hg38, panTro6, rheMac10"
ATGG,4,4,0.0003563007471142903,5.4802101773420774e-05,0.8461914486083243,0.15380855139167574,"calJac3, hg38, panTro6, rheMac10"
ATC,3,4,0.0003418785244690007,5.259311690145932e-05,0.8461643152837811,0.1538356847162189,"calJac3, hg38, panTro6, rheMac10"
AAAAAACAA,9,4,7.87158047903233e-05,1.212028655660344e-05,0.8460247393914289,0.1539752606085711,"calJac3, hg38, panTro6, rheMac10"
TTTTTTGTT,9,4,7.87158047903233e-05,1.212028655660344e-05,0.8460247393914289,0.1539752606085711,"calJac3, hg38, panTro6, rheMac10"
TTTTTGTTTT,10,3,6.543112262645946e-05,1.0217841676991115e-05,0.8438382031846852,0.1561617968153149,"hg38, panTro6, rheMac10"
AAAAGAAAAGA,11,3,6.543112262645946e-05,1.0217841676991115e-05,0.8438382031846852,0.1561617968153149,"hg38, panTro6, rheMac10"
AAACAAA,7,3,6.543112262645946e-05,1.0217841676991115e-05,0.8438382031846852,0.1561617968153149,"hg38, panTro6, rheMac10"
CATCAC,6,3,7.215751969913147e-05,1.1360511288165929e-05,0.8425595650247569,0.15744043497524307,"hg38, panTro6, rheMac10"
TATATATATGTGTG,14,3,0.00011799084351027763,1.885986142359847e-05,0.8401582626031852,0.15984173739681481,"hg38, panTro6, rheMac10"
TTTTTTTTCTTTT,13,4,6.929878827802646e-05,1.1098636365742234e-05,0.8398437167297277,0.16015628327027234,"calJac3, hg38, panTro6, rheMac10"
TTTTATTT,8,4,6.929878827802646e-05,1.1098636365742234e-05,0.8398437167297277,0.16015628327027234,"calJac3, hg38, panTro6, rheMac10"
TATGTGTG,8,3,7.257387672129554e-05,1.1646856947953137e-05,0.8395172274910929,0.16048277250890705,"calJac3, panTro6, rheMac10"
TCTG,4,4,0.00013459746536534283,2.17282713349575e-05,0.8385684955063629,0.16143150449363705,"calJac3, hg38, panTro6, rheMac10"
AAAAAGAAAAAAAG,14,4,6.729873268267142e-05,1.086413566747875e-05,0.8385684955063629,0.16143150449363705,"calJac3, hg38, panTro6, rheMac10"
ATTC,4,4,0.0003552982185561777,5.833544541589149e-05,0.8358127275364657,0.16418727246353426,"calJac3, hg38, panTro6, rheMac10"
GAAAA,5,4,0.00015373196996956492,2.548501193059849e-05,0.8342243845854321,0.16577561541456787,"calJac3, hg38, panTro6, rheMac10"
TTTG,4,4,0.001975126261904018,0.0003302566867791976,0.8327921140287857,0.16720788597121422,"calJac3, hg38, panTro6, rheMac10"
AGG,3,4,0.000631832588758567,0.00010608597358007554,0.8320979710962446,0.16790202890375544,"calJac3, hg38, panTro6, rheMac10"
CCT,3,4,0.00026717206067221214,4.486174534085827e-05,0.832086688900086,0.16791331109991406,"calJac3, hg38, panTro6, rheMac10"
TTTTTTTCTTTT,12,4,9.36506886964924e-05,1.5787237382269365e-05,0.8314242254701042,0.1685757745298958,"calJac3, hg38, panTro6, rheMac10"
TTTTTCTTTT,10,4,0.0001878704280332404,3.195027018441761e-05,0.8299345430843189,0.1700654569156811,"calJac3, hg38, panTro6, rheMac10"
TG,2,4,0.023496835799931625,0.004109031143303579,0.8251240644361342,0.17487593556386585,"calJac3, hg38, panTro6, rheMac10"
TTTTCTTT,8,4,0.00014953234927151193,2.6261894926637355e-05,0.8243731536715673,0.17562684632843273,"calJac3, hg38, panTro6, rheMac10"
CCCTT,5,4,5.2903421534984874e-05,9.305486561224916e-06,0.8241042584538464,0.1758957415461536,"calJac3, hg38, panTro6, rheMac10"
ACACACACACAT,12,4,9.378369503472099e-05,1.666230164329583e-05,0.8223326385559127,0.1776673614440873,"calJac3, hg38, panTro6, rheMac10"
AATT,4,4,8.36275962565987e-05,1.4934642814094463e-05,0.8214148979211389,0.1785851020788611,"calJac3, hg38, panTro6, rheMac10"
AC,2,4,0.02750443820574966,0.004948127358013599,0.8200971304704119,0.1799028695295881,"calJac3, hg38, panTro6, rheMac10"
AAAAGAA,7,4,9.832594536808367e-05,1.77045170099458e-05,0.8199405361050041,0.18005946389499589,"calJac3, hg38, panTro6, rheMac10"
TTTTTTCT,8,3,0.00011126444643760564,2.0116925808932306e-05,0.8191971788561103,0.18080282114388968,"hg38, panTro6, rheMac10"
AAGG,4,4,0.0019976682598561325,0.00037229744894856865,0.8136339969803692,0.18636600301963083,"calJac3, hg38, panTro6, rheMac10"
TCTCTCTCTG,10,4,7.908534592323603e-05,1.4761364711809986e-05,0.8133489265364273,0.18665107346357268,"calJac3, hg38, panTro6, rheMac10"
AAAAAAAAAAAAAAAAAAG,19,4,7.908534592323603e-05,1.4761364711809986e-05,0.8133489265364273,0.18665107346357268,"calJac3, hg38, panTro6, rheMac10"
AAAAAAAGA,9,4,0.00011339383561248135,2.116638845031547e-05,0.8133373976108303,0.18666260238916962,"calJac3, hg38, panTro6, rheMac10"
CA,2,4,0.010933714151120384,0.002044273240079879,0.8130303013390558,0.18696969866094412,"calJac3, hg38, panTro6, rheMac10"
TGA,3,4,0.00022107029432374758,4.175283880349973e-05,0.8111332011782888,0.18886679882171126,"calJac3, hg38, panTro6, rheMac10"
TGTATATATA,10,4,0.00011806909228407263,2.241617048714357e-05,0.8101436196933693,0.1898563803066307,"calJac3, hg38, panTro6, rheMac10"
ATCC,4,4,0.0003394053992842774,6.470083986146595e-05,0.8093700336002193,0.1906299663997807,"calJac3, hg38, panTro6, rheMac10"
AGAG,4,4,0.0002092903445018376,4.039754963022775e-05,0.8069784359790517,0.19302156402094822,"calJac3, hg38, panTro6, rheMac10"
AAAAAAAAC,9,4,0.00011813559545318693,2.2835013562872827e-05,0.8067050538385651,0.19329494616143494,"calJac3, hg38, panTro6, rheMac10"
GAGGG,5,4,0.00012894402524907196,2.5033724259430026e-05,0.8058558804017932,0.19414411959820682,"calJac3, hg38, panTro6, rheMac10"
AAAAAAAAAAGAAAAG,16,4,7.932188071792016e-05,1.5438381760727018e-05,0.8053704523770927,0.19462954762290732,"calJac3, hg38, panTro6, rheMac10"
ATGT,4,4,0.00012396573061368226,2.443376602890865e-05,0.8028990277558864,0.19710097224411358,"calJac3, hg38, panTro6, rheMac10"
AGA,3,4,0.00017632034958735995,3.503090433954287e-05,0.801322397434413,0.19867760256558703,"calJac3, hg38, panTro6, rheMac10"
ATGA,4,4,0.00019999967090911472,3.988488390411336e-05,0.8005752523350994,0.1994247476649006,"calJac3, hg38, panTro6, rheMac10"
TATATAA,7,4,0.00022090026269817772,4.464250811534124e-05,0.7979064960355544,0.20209350396444556,"calJac3, hg38, panTro6, rheMac10"
AT,2,4,0.01393740843749604,0.0028241328333815647,0.7973703040958637,0.2026296959041362,"calJac3, hg38, panTro6, rheMac10"
TTG,3,4,0.0013919402006160931,0.0002833910585494545,0.7964057231596433,0.2035942768403567,"calJac3, hg38, panTro6, rheMac10"
ATATATATACACACAC,16,4,0.00013964226316984682,2.8622242525521412e-05,0.7950316625081606,0.20496833749183935,"calJac3, hg38, panTro6, rheMac10"
TTAT,4,4,0.0017081528062527632,0.00035250116929704916,0.7936360447339932,0.20636395526600676,"calJac3, hg38, panTro6, rheMac10"
GAAG,4,4,0.0014932095417225409,0.0003084617405651887,0.7934236743428839,0.20657632565711612,"calJac3, hg38, panTro6, rheMac10"
TTAA,4,4,0.00010871857894089009,2.2906231694064434e-05,0.7893071090772952,0.21069289092270488,"calJac3, hg38, panTro6, rheMac10"
TTTTTTCTT,9,4,0.0001351370381238254,2.8504274131194158e-05,0.7890713417510614,0.2109286582489386,"calJac3, hg38, panTro6, rheMac10"
TTTTATT,7,4,0.00015931890691672147,3.365958458498987e-05,0.7887282480378536,0.2112717519621464,"calJac3, hg38, panTro6, rheMac10"
TATT,4,4,0.0015284249633175108,0.00032573283573316753,0.7868833318279815,0.21311666817201852,"calJac3, hg38, panTro6, rheMac10"
TTTTTTCTTTTT,12,4,8.193057862504208e-05,1.7537296462173155e-05,0.7859493151826359,0.21405068481736414,"calJac3, hg38, panTro6, rheMac10"
ATATACATAT,10,4,8.193057862504208e-05,1.7537296462173155e-05,0.7859493151826359,0.21405068481736414,"calJac3, hg38, panTro6, rheMac10"
TTTCT,5,4,0.0007010674402516493,0.00015033579986360482,0.785561571922893,0.21443842807710703,"calJac3, hg38, panTro6, rheMac10"
AAAAAAAAAACA,12,4,7.732182512256511e-05,1.669189532495711e-05,0.7841244008596758,0.21587559914032414,"calJac3, hg38, panTro6, rheMac10"
CTCCT,5,4,5.720913707366342e-05,1.2355736527705612e-05,0.7840251197672119,0.21597488023278805,"calJac3, hg38, panTro6, rheMac10"
TTTCTTTCTTTC,12,4,5.720913707366342e-05,1.2355736527705612e-05,0.7840251197672119,0.21597488023278805,"calJac3, hg38, panTro6, rheMac10"
TTGT,4,4,0.0005587491980946953,0.00012149392101116425,0.7825609031288958,0.21743909687110424,"calJac3, hg38, panTro6, rheMac10"
AAAAGAAAAAA,11,4,7.190748618514839e-05,1.564248399496892e-05,0.7824637624698431,0.21753623753015697,"calJac3, hg38, panTro6, rheMac10"
AAAAAATAAAAAT,13,4,0.00014381497237029678,3.128496798993784e-05,0.7824637624698431,0.21753623753015697,"calJac3, hg38, panTro6, rheMac10"
AAAAAAACAAAC,12,4,7.190748618514839e-05,1.564248399496892e-05,0.7824637624698431,0.21753623753015697,"calJac3, hg38, panTro6, rheMac10"
AAAAAAAAAC,10,4,0.00010300120203967495,2.2556842212915106e-05,0.7810040876588367,0.2189959123411633,"calJac3, hg38, panTro6, rheMac10"
GGC,3,4,0.00015962194488051992,3.5146025952797506e-05,0.7798170797937277,0.22018292020627225,"calJac3, hg38, panTro6, rheMac10"
TTTTATTTATTTA,13,3,7.126074757018325e-05,1.573252984414352e-05,0.7792258658436206,0.22077413415637934,"hg38, panTro6, rheMac10"
AAAACAAAACAA,12,3,7.126074757018325e-05,1.573252984414352e-05,0.7792258658436206,0.22077413415637934,"hg38, panTro6, rheMac10"
GAAAGAAG,8,4,8.830285292818997e-05,1.951864938911241e-05,0.7789578848037282,0.22104211519627176,"calJac3, hg38, panTro6, rheMac10"
GATG,4,4,0.0003440511780740957,7.614786881385338e-05,0.7786728438480917,0.2213271561519083,"calJac3, hg38, panTro6, rheMac10"
AAAAGAAAAAAG,12,4,8.332455829280027e-05,1.8525292585526976e-05,0.7776730778406338,0.2223269221593662,"calJac3, hg38, panTro6, rheMac10"
AACA,4,4,0.00014947507590522225,3.338184123838336e-05,0.7766728597645951,0.2233271402354049,"calJac3, hg38, panTro6, rheMac10"
TTTCTTTTTTTTT,13,4,0.00010313420837790353,2.3123996354993138e-05,0.7757873287758958,0.2242126712241042,"calJac3, hg38, panTro6, rheMac10"
ATATATATATACACACAC,18,4,8.843585926641856e-05,2.000326521805573e-05,0.7738104725392598,0.22618952746074011,"calJac3, hg38, panTro6, rheMac10"
TTCC,4,4,0.002259227638834872,0.0005229600823242912,0.7685226254606233,0.23147737453937664,"calJac3, hg38, panTro6, rheMac10"
TTTGTTTTTTG,11,3,7.888391677180346e-05,1.8294693636080273e-05,0.7680808156496155,0.23191918435038447,"hg38, panTro6, rheMac10"
TTTTTTTTTTCT,12,4,6.692919154975869e-05,1.555382602920834e-05,0.7676077408219579,0.23239225917804202,"calJac3, hg38, panTro6, rheMac10"
ACATAT,6,4,6.692919154975869e-05,1.555382602920834e-05,0.7676077408219579,0.23239225917804202,"calJac3, hg38, panTro6, rheMac10"
AAAAAAAGAAAAG,13,4,8.230011975795481e-05,1.939529135674836e-05,0.7643345913251398,0.23566540867486022,"calJac3, hg38, panTro6, rheMac10"
TTTA,4,4,0.005255487821604552,0.0012391349234973058,0.7642207601731278,0.23577923982687218,"calJac3, hg38, panTro6, rheMac10"
CTCTC,5,4,9.01328768979752e-05,2.129683028428518e-05,0.7637174023814655,0.23628259761853454,"calJac3, hg38, panTro6, rheMac10"
AAAAAAAAAAGA,12,4,0.00016920899301838658,4.000273428732927e-05,0.7635897857805791,0.23641021421942093,"calJac3, hg38, panTro6, rheMac10"
CCTT,4,4,0.001304385275358054,0.0003117061981588005,0.7610321091111389,0.2389678908888611,"calJac3, hg38, panTro6, rheMac10"
AAAAATAAAAAAT,13,4,0.0001378122392000616,3.3158209112855284e-05,0.7593957597284258,0.24060424027157423,"calJac3, hg38, panTro6, rheMac10"
GT,2,4,0.015134839828537344,0.0036438378077231852,0.759241733047443,0.24075826695255698,"calJac3, hg38, panTro6, rheMac10"
ATATATATATACACAC,16,3,0.00010453804936493364,2.5192552578169557e-05,0.7590106881540859,0.2409893118459141,"hg38, panTro6, rheMac10"
GCA,3,4,0.00012341692805237507,2.9746328981120316e-05,0.7589769130495883,0.2410230869504118,"calJac3, hg38, panTro6, rheMac10"
CTCCC,5,4,9.754727143074699e-05,2.3659843145043978e-05,0.7574525376464156,0.24254746235358435,"calJac3, hg38, panTro6, rheMac10"
ACACATATATAT,12,4,9.165063310113734e-05,2.2322421167253847e-05,0.7564400767136998,0.2435599232863001,"calJac3, hg38, panTro6, rheMac10"
AGT,3,4,5.751217503746185e-05,1.413542723787974e-05,0.7542185245355038,0.2457814754644962,"calJac3, hg38, panTro6, rheMac10"
TGTATA,6,4,5.934219900724706e-05,1.4642443924495867e-05,0.7532541063618541,0.24674589363814586,"calJac3, hg38, panTro6, rheMac10"
ATACACACACAC,12,4,0.00012803491135767668,3.160302605592907e-05,0.7531686809416904,0.24683131905830952,"calJac3, hg38, panTro6, rheMac10"
TTCCTTCCTTCC,12,4,6.401745567883834e-05,1.5801513027964535e-05,0.7531686809416904,0.24683131905830952,"calJac3, hg38, panTro6, rheMac10"
TA,2,4,0.013354231323016528,0.003310222237718423,0.7521218438074284,0.24787815619257159,"calJac3, hg38, panTro6, rheMac10"
AAAAAAG,7,4,0.00035166764849838033,8.772737425492452e-05,0.7505389687407411,0.2494610312592589,"calJac3, hg38, panTro6, rheMac10"
AAAAAAAAAG,10,4,0.00043338860382634124,0.000108269075493711,0.7501801511673011,0.2498198488326989,"calJac3, hg38, panTro6, rheMac10"
AAAAAAAAAAAGA,13,4,0.0001274861087963695,3.1977742485187796e-05,0.7491668481601781,0.25083315183982186,"calJac3, hg38, panTro6, rheMac10"
GAA,3,4,0.0002711680748284376,6.808437537512255e-05,0.7489218617707925,0.25107813822920755,"calJac3, hg38, panTro6, rheMac10"
TCCT,4,4,0.0011345837910723645,0.0002850759379229823,0.7487396345989223,0.2512603654010777,"calJac3, hg38, panTro6, rheMac10"
AAATAAAAT,9,4,8.162754066124365e-05,2.0656019826233574e-05,0.7469479092607165,0.2530520907392834,"calJac3, hg38, panTro6, rheMac10"
TTTTTTTTTCTT,12,4,0.00012244131099186547,3.098402973935036e-05,0.7469479092607165,0.2530520907392834,"calJac3, hg38, panTro6, rheMac10"
ATACACACAC,10,4,8.162754066124365e-05,2.0656019826233574e-05,0.7469479092607165,0.2530520907392834,"calJac3, hg38, panTro6, rheMac10"
TGTGTGTGTGTGTA,14,4,8.162754066124365e-05,2.0656019826233574e-05,0.7469479092607165,0.2530520907392834,"calJac3, hg38, panTro6, rheMac10"
GTTTTT,6,4,0.00016986389042031934,4.3126018269166745e-05,0.7461142673557419,0.25388573264425807,"calJac3, hg38, panTro6, rheMac10"
CCAT,4,4,0.00013775496583377192,3.5000058298049226e-05,0.7459252515057527,0.25407474849424727,"calJac3, hg38, panTro6, rheMac10"
AGGGA,5,4,9.971992503584187e-05,2.5368946917472244e-05,0.7455980145557269,0.25440198544427306,"calJac3, hg38, panTro6, rheMac10"
CAAAA,5,4,0.0011475643543854578,0.00029221892279914126,0.7453572676055888,0.2546427323944111,"calJac3, hg38, panTro6, rheMac10"
CATC,4,4,0.00044406812431848237,0.00011325040816956728,0.744970643089111,0.255029356910889,"calJac3, hg38, panTro6, rheMac10"
AAAAACAAACAA,12,4,5.7645181375690435e-05,1.4713561114038996e-05,0.7447564434198509,0.2552435565801491,"calJac3, hg38, panTro6, rheMac10"
AAAAAAAAAAAAAGA,15,4,6.218743170905311e-05,1.5881077313461452e-05,0.7446256120085191,0.2553743879914809,"calJac3, hg38, panTro6, rheMac10"
ACACAC,6,4,0.0001356858406851326,3.4729088020597036e-05,0.7440478104035333,0.2559521895964667,"calJac3, hg38, panTro6, rheMac10"
TTTTTTTTGTTT,12,3,8.422082020497694e-05,2.1562242837391168e-05,0.7439796622151993,0.25602033778480077,"hg38, panTro6, rheMac10"
AAAAAAAAAGAAAAG,15,4,8.667233846574764e-05,2.2222325493148573e-05,0.7436053314526561,0.2563946685473439,"calJac3, hg38, panTro6, rheMac10"
TATTATA,7,4,8.667233846574764e-05,2.2222325493148573e-05,0.7436053314526561,0.2563946685473439,"calJac3, hg38, panTro6, rheMac10"
AGATAT,6,3,8.479879076211964e-05,2.1831086595403213e-05,0.742554269946555,0.25744573005344495,"calJac3, hg38, panTro6"
TTTTTTTCTTT,11,4,7.688578082053809e-05,1.9903608009085637e-05,0.7411275817625709,0.25887241823742907,"calJac3, hg38, panTro6, rheMac10"
TTTATTTT,8,4,7.258006528185955e-05,1.879885656684483e-05,0.7409914624099496,0.2590085375900504,"calJac3, hg38, panTro6, rheMac10"
ATTT,4,4,0.0016071459008761742,0.00041691900111747614,0.7405842239399778,0.25941577606002214,"calJac3, hg38, panTro6, rheMac10"
AAAAAAAAG,9,4,0.0003604642265119156,9.363873415233425e-05,0.7402273866163003,0.2597726133836998,"calJac3, hg38, panTro6, rheMac10"
AAGGG,5,4,0.0001427905338354513,3.725340172806589e-05,0.7391045419649744,0.2608954580350256,"calJac3, hg38, panTro6, rheMac10"
AAAT,4,4,0.006056881515970669,0.0015823728491155843,0.7387479274700662,0.26125207252993377,"calJac3, hg38, panTro6, rheMac10"
AATAAAAAA,9,4,5.7881716170374574e-05,1.5132967744980948e-05,0.738553575356385,0.261446424643615,"calJac3, hg38, panTro6, rheMac10"
AAAAAATAAATAAAT,15,4,5.7881716170374574e-05,1.5132967744980948e-05,0.738553575356385,0.261446424643615,"calJac3, hg38, panTro6, rheMac10"
CATT,4,4,0.00020971715900103998,5.484563851584181e-05,0.7384780588431974,0.26152194115680266,"calJac3, hg38, panTro6, rheMac10"
ATAGAT,6,4,9.348065707092255e-05,2.453972111187678e-05,0.7374887823770984,0.2625112176229016,"calJac3, hg38, panTro6, rheMac10"
TTTTTCTTT,9,4,0.00014177532510343047,3.7248802953707796e-05,0.7372687882991389,0.2627312117008611,"calJac3, hg38, panTro6, rheMac10"
AAAAAAGAAA,10,4,0.00013896968407313567,3.651174591461379e-05,0.7372682671178936,0.2627317328821064,"calJac3, hg38, panTro6, rheMac10"
AGGA,4,4,0.0014807854549518376,0.0003890592046864631,0.7372615976302136,0.2627384023697864,"calJac3, hg38, panTro6, rheMac10"
TTTTTTA,7,4,0.0002238119985690981,5.9079435781543414e-05,0.736030971711717,0.263969028288283,"calJac3, hg38, panTro6, rheMac10"
TATATATATATAT,13,4,6.425399047352246e-05,1.69684058309445e-05,0.7359167001785395,0.2640832998214605,"calJac3, hg38, panTro6, rheMac10"
CTG,3,4,9.662892773652704e-05,2.5523513239238516e-05,0.7358605353788865,0.2641394646211135,"calJac3, hg38, panTro6, rheMac10"
GGAA,4,4,0.0008963250934970739,0.00023692506114150378,0.7356706145343712,0.26432938546562873,"calJac3, hg38, panTro6, rheMac10"
AAAAAAAAAAAAAAC,15,3,9.117392611174205e-05,2.4119161543901707e-05,0.735459877922319,0.26454012207768096,"hg38, panTro6, rheMac10"
AAAAAAAAAAAAAAAG,16,4,0.000300867811015206,7.969599489029782e-05,0.7351129234417505,0.2648870765582495,"calJac3, hg38, panTro6, rheMac10"
AG,2,4,0.0059036847818998255,0.0015657292476888587,0.7347877968537131,0.26521220314628685,"calJac3, hg38, panTro6, rheMac10"
CAAAAAAAA,9,4,7.701878715876668e-05,2.045345064033888e-05,0.7344355657253328,0.26556443427466725,"calJac3, hg38, panTro6, rheMac10"
AGAAA,5,4,0.00022932986596297037,6.093094523232988e-05,0.7343087217337478,0.2656912782662522,"calJac3, hg38, panTro6, rheMac10"
TC,2,4,0.007911775415475438,0.0021032773492472277,0.7341586131055723,0.2658413868944277,"calJac3, hg38, panTro6, rheMac10"
TCTTT,5,4,0.00027451585500138504,7.301740551646762e-05,0.7340138859516904,0.26598611404830963,"calJac3, hg38, panTro6, rheMac10"
AAAAAAAG,8,4,0.0003959992306275193,0.00010571805460234027,0.7330346969745007,0.2669653030254993,"calJac3, hg38, panTro6, rheMac10"
AAAAAAAAAAG,11,4,0.0003422876572734247,9.15376685180743e-05,0.7325709339120208,0.2674290660879793,"calJac3, hg38, panTro6, rheMac10"
TTTTCTTTTTTTTT,14,4,0.00010767645871126621,2.8901911499981972e-05,0.7315856051926608,0.26841439480733925,"calJac3, hg38, panTro6, rheMac10"
GGAAG,5,4,8.430017535330986e-05,2.2677195514351108e-05,0.7309946815732129,0.2690053184267871,"calJac3, hg38, panTro6, rheMac10"
CT,2,4,0.0035047426177937224,0.0009464120785641193,0.7299624589380269,0.2700375410619731,"calJac3, hg38, panTro6, rheMac10"
AAAAAGAAAG,10,4,0.00011382987991450839,3.0803309801044e-05,0.7293917043207043,0.2706082956792956,"calJac3, hg38, panTro6, rheMac10"
AAG,3,4,0.000506057082254048,0.00013716373026586169,0.7289560109406719,0.2710439890593281,"calJac3, hg38, panTro6, rheMac10"
ATTG,4,4,9.711122712871995e-05,2.636210919341185e-05,0.7285369573337885,0.2714630426662114,"calJac3, hg38, panTro6, rheMac10"
AATG,4,4,0.0002577003371777957,7.006124415790496e-05,0.7281290163405278,0.27187098365947215,"calJac3, hg38, panTro6, rheMac10"
GTTTTTTTTTT,11,4,7.834626365741057e-05,2.1309522792502006e-05,0.7280084359136328,0.27199156408636715,"calJac3, hg38, panTro6, rheMac10"
TAAAAA,6,4,5.083686277051552e-05,1.3882113251213666e-05,0.7269282073152428,0.27307179268475723,"calJac3, hg38, panTro6, rheMac10"
TTTTTTCTTTT,11,4,5.083686277051552e-05,1.3882113251213666e-05,0.7269282073152428,0.27307179268475723,"calJac3, hg38, panTro6, rheMac10"
CCCT,4,4,0.00016550090151535112,4.5366032528779304e-05,0.7258864929834152,0.27411350701658477,"calJac3, hg38, panTro6, rheMac10"
GCAATATTTGCTGTTCT,17,3,0.0002700177230023132,7.416270662744014e-05,0.7253413375876634,0.27465866241233655,"hg38, panTro6, rheMac10"
AAAAAAAAAGA,11,4,0.00013003496695303173,3.615283209636422e-05,0.721976073486276,0.278023926513724,"calJac3, hg38, panTro6, rheMac10"
AAAAGAAAAAAAG,13,4,8.704187959866037e-05,2.4242183046745932e-05,0.7214882863453349,0.2785117136546651,"calJac3, hg38, panTro6, rheMac10"
ACATATATAT,10,4,9.395372666029083e-05,2.6348328502895387e-05,0.7195605811554104,0.2804394188445896,"calJac3, hg38, panTro6, rheMac10"
CTCAGCTTCTCTCCCAACA,19,3,7.224619059128386e-05,2.0312766915122047e-05,0.7188396128726449,0.2811603871273551,"hg38, panTro6, rheMac10"
ATATACAC,8,3,7.224619059128386e-05,2.0312766915122047e-05,0.7188396128726449,0.2811603871273551,"hg38, panTro6, rheMac10"
AAAAAAAAAGAAAGAAAG,18,3,7.134599661677564e-05,2.01357388642374e-05,0.7177733885701603,0.2822266114298398,"calJac3, hg38, panTro6"
TGTA,4,4,0.00016490327747970804,4.6638855085961595e-05,0.7171744807091498,0.28282551929085026,"calJac3, hg38, panTro6, rheMac10"
CAAAAAAAAAAAA,13,4,9.474163040045217e-05,2.6822888672858644e-05,0.7168838180271528,0.28311618197284716,"calJac3, hg38, panTro6, rheMac10"
TGTGTATATATATA,14,4,8.727841439334451e-05,2.4948663069340803e-05,0.714148529819725,0.285851470180275,"calJac3, hg38, panTro6, rheMac10"
TTTATT,6,4,0.0002732792267852885,7.862436402836593e-05,0.7122929358617516,0.2877070641382484,"calJac3, hg38, panTro6, rheMac10"
TTCCT,5,4,8.223361658884052e-05,2.3693675415680234e-05,0.711873605971313,0.288126394028687,"calJac3, hg38, panTro6, rheMac10"
AAAGAA,6,4,9.438977096231785e-05,2.7337605779262042e-05,0.7103753351602504,0.28962466483974963,"calJac3, hg38, panTro6, rheMac10"
GA,2,4,0.005679860103156818,0.0016455710458767438,0.710279651964993,0.28972034803500696,"calJac3, hg38, panTro6, rheMac10"
AAAATAAAT,9,4,7.762486308636354e-05,2.2623946855996044e-05,0.7085476745920287,0.2914523254079713,"calJac3, hg38, panTro6, rheMac10"
GGAT,4,4,0.00016216413961852753,4.7343833894870626e-05,0.7080499177793467,0.2919500822206534,"calJac3, hg38, panTro6, rheMac10"
AAAAC,5,4,0.0026111883131414385,0.0007629807801093847,0.7078032341560742,0.29219676584392584,"calJac3, hg38, panTro6, rheMac10"
CAT,3,4,0.00016358503078388876,4.792924846976348e-05,0.7070071250401724,0.2929928749598277,"calJac3, hg38, panTro6, rheMac10"
TTTCC,5,4,0.00010617638420288249,3.129546795185326e-05,0.7052502005337299,0.2947497994662701,"calJac3, hg38, panTro6, rheMac10"
TCT,3,4,0.00023499663291655045,6.939268858863063e-05,0.7047077325006923,0.2952922674993077,"calJac3, hg38, panTro6, rheMac10"
TTTATTTATTTATT,14,3,8.494025054962037e-05,2.510751671124661e-05,0.704409669752748,0.29559033024725195,"hg38, panTro6, rheMac10"
AAAAAAAAGA,10,4,0.0001647332458541382,4.869590424256753e-05,0.7043954060998413,0.2956045939001587,"calJac3, hg38, panTro6, rheMac10"
TCTTTC,6,4,8.799981496439154e-05,2.605414253925761e-05,0.7039295758769468,0.29607042412305323,"calJac3, hg38, panTro6, rheMac10"
CAAAAA,6,4,0.0005382013702301521,0.00015965760246784328,0.7033496915855704,0.2966503084144297,"calJac3, hg38, panTro6, rheMac10"
TCTTTCTTTC,10,4,6.86927123504296e-05,2.0399083644502568e-05,0.7030386056028985,0.29696139439710145,"calJac3, hg38, panTro6, rheMac10"
ATATACACACACAC,14,4,8.806631813350585e-05,2.6187273152343302e-05,0.7026414444550277,0.2973585555449723,"calJac3, hg38, panTro6, rheMac10"
ATATACAT,8,4,7.664924602585395e-05,2.2818500033609924e-05,0.7022997457024795,0.2977002542975204,"calJac3, hg38, panTro6, rheMac10"
CCTCC,5,4,0.00012996846378391744,3.871161626320547e-05,0.7021460811634543,0.29785391883654566,"calJac3, hg38, panTro6, rheMac10"
AAAAAG,6,4,0.000667727126293388,0.0001999020305603766,0.7006231697219636,0.2993768302780364,"calJac3, hg38, panTro6, rheMac10"
TTTGT,5,4,0.0004873645074596366,0.00014594387495172253,0.7005447201880831,0.2994552798119169,"calJac3, hg38, panTro6, rheMac10"
