kmer	k	observed	expected	oe_ratio	expected_prob
AACA	4	5479	370737.93235394603	0.014778633427693505	0.6071062521352921
ACAT	4	3375	146749.23886729594	0.02299841570593755	0.24031093836757356
CATC	4	1314	102098.39747634069	0.012869937555136395	0.167192429022082
ATCA	4	2036	241850.64495492878	0.008418418732682844	0.39604536202384416
TCAG	4	1579	116565.81655813954	0.013545995272228389	0.19088372093023256
GAAA	4	6176	311070.8830072881	0.019853995784797712	0.5093977752205601
AAAA	4	37040	338277.68297351437	0.10949584280704698	0.5539505898063655
AAAG	4	8816	77580.01584687292	0.11363751223512225	0.1270420654351213
AAGG	4	2423	124438.64266834487	0.019471443500535476	0.20377595972309628
CCTC	4	2993	258975.2973303444	0.011557086837445277	0.4240880374974526
GACG	4	69	14787.680792515135	0.004666046080391776	0.024215740231150248
ACGG	4	61	107899.27819548872	0.0005653420580764406	0.17669172932330826
CGGA	4	107	140467.50605326876	0.0007617420071473537	0.23002421307506055
GGAG	4	2977	256708.0122164049	0.01159683320476335	0.42037521815008727
GAGA	4	3422	255217.90867412434	0.013408149991423172	0.41793508160645515
AGAG	4	3685	161199.5114701131	0.022859870767556332	0.26397415185783524
GAGT	4	973	77494.8630111865	0.012555670946338028	0.12690262240968275
AGTC	4	807	102644.26121521862	0.007862105396305873	0.16808631459398068
GTCA	4	853	215569.24404086266	0.003956965214566081	0.3530079455164586
TCAC	4	1465	106908.80446511628	0.013703268007996676	0.17506976744186045
CACG	4	231	23923.856186461693	0.009655634033225837	0.039176791470369454
ACGA	4	132	174475.42857142855	0.000756553522067782	0.2857142857142857
CGAA	4	86	169432.7861271676	0.0005075759064450064	0.2774566473988439
GAAG	4	2591	138435.91254315304	0.018716241706373246	0.22669735327963175
GAGG	4	2912	217366.37153860263	0.013396736484064881	0.35595085274161015
AGGG	4	1936	172151.08895573698	0.011245935252246816	0.2819080360979802
GGGC	4	936	66872.27999278369	0.01399683097542069	0.1095074869204402
GGCC	4	683	131500.7756074321	0.005193885715464925	0.21534063839923773
GCCG	4	172	30987.9139547711	0.005550551103602692	0.0507446221731936
CCGT	4	71	55228.010335917315	0.0012855795377771455	0.09043927648578812
AAAC	4	7874	69234.86347651902	0.11372882973432112	0.11337636323169374
ACAA	4	5866	257353.67906718492	0.022793534645636902	0.42143253747917825
AAGA	4	6556	321665.05223410955	0.02038144944396542	0.5267463813719321
AGTG	4	1279	139055.2322544009	0.009197784069426998	0.2277115275411698
GTGA	4	1146	124692.36590201076	0.009190618781751096	0.2041914471821014
GCGG	4	338	338614.63507109	0.0009981848537912103	0.5545023696682464
CGGG	4	264	286849.43341404357	0.0009203434598350338	0.46973365617433416
CCCT	4	2394	193687.5643327349	0.012360112061130364	0.31717534410532616
CAAA	4	7284	392598.882974455	0.018553287632440726	0.6429049083857162
AAAT	4	13993	125571.4377030937	0.1114345766517831	0.2056309815268195
AATA	4	8987	261941.43083521115	0.03430919641594908	0.4289452642291197
ATAG	4	2132	65749.26103795508	0.03242621995050652	0.10766847405112316
TAGC	4	622	43720.862025544164	0.014226617938973686	0.07159561072135276
TAAA	4	11091	369136.44509900175	0.030045800535965537	0.6044837178857797
TACA	4	3944	274173.4731638418	0.014385053209152465	0.448975988700565
AGAA	4	6839	297472.6194938072	0.022990351218332466	0.4871297792137857
CTGG	4	1318	135667.89099403063	0.009714900042619457	0.22216454710615105
TGGA	4	1633	180626.03580280914	0.009040778605044285	0.2957862847700358
AGGC	4	1217	103658.04899011603	0.01174052581402572	0.16974645466265578
GCCA	4	891	226009.67677881964	0.003942309075871832	0.37010479867622725
CCAC	4	1876	184537.09393099975	0.01016597779902969	0.30219088390833543
GACA	4	1382	302475.2889378096	0.0045689682778818535	0.4953219592735278
CAGA	4	2106	222129.4137757667	0.009480959609095025	0.3637506284565108
GTCT	4	1028	246760.93530079455	0.004165975456151102	0.40408626560726446
TAAC	4	1400	45217.715594828995	0.030961316412899485	0.07404680085092456
AACC	4	1254	81992.12572599931	0.015294151589514925	0.134267167748548
ACCC	4	1017	188128.3264573991	0.005405884478700743	0.30807174887892375
CTTC	4	2552	151126.58484586573	0.01688650612069868	0.24747911264765196
GGCG	4	391	68077.83515959981	0.005743425875446103	0.11148165793234874
GGGA	4	2757	206565.93902219014	0.013346827715404871	0.3382644777196464
TTTT	4	31658	309599.2418040553	0.10225477238098755	0.5069878718969111
TTTG	4	7689	74148.75080538185	0.10369695937536845	0.12142315709683532
TTGT	4	5084	294886.43157894735	0.017240535526772467	0.48289473684210527
TGTA	4	2735	138942.9896934116	0.019684332444803356	0.22752772341813438
ATAC	4	2554	80791.17831138651	0.031612362307136266	0.13230054221533694
CCTA	4	841	66579.42531078051	0.012631529876900659	0.10902791929896066
CTAA	4	3572	291580.54860403505	0.012250474241513135	0.47748114937843894
TACT	4	3811	275575.0677966102	0.013829262677756941	0.451271186440678
ACTA	4	3870	305094.7567987568	0.012684583768683663	0.4996114996114996
ATTT	4	13635	372381.1181292837	0.03661571260244775	0.6097970702862519
TTTA	4	14860	143813.28140989196	0.10332842595842388	0.2355031267765776
TTAG	4	4758	146764.62521008405	0.03241925629687148	0.24033613445378152
TAGT	4	4685	352073.77585896745	0.013306870097239794	0.5765425436229538
GGGG	4	3333	242921.54429009563	0.013720479217848825	0.3977990257983042
ATGG	4	1523	105138.15998587321	0.014485701482740771	0.17217022779445523
TGGG	4	1909	208039.48443954834	0.009176142717055776	0.34067749931148444
GGGT	4	1287	94304.23669493054	0.013647318986986557	0.15442900956160924
AGGT	4	1068	99459.24194241513	0.010738066962327646	0.16287064890416847
GGTC	4	479	102653.53149071138	0.0046661814069527885	0.16810149524241053
CAGG	4	1425	151668.18300653595	0.009395510460744369	0.24836601307189543
CTCC	4	3102	226171.85185185182	0.013715234564343077	0.37037037037037035
AGGA	4	2725	235395.62011173184	0.011576256171234468	0.3854748603351955
GGAA	4	2463	213545.89703315884	0.01153382028977851	0.34969458987783597
GGAC	4	627	61412.76265270506	0.010209604207935472	0.10056719022687609
CATT	4	2700	206009.86305437	0.013106168607506997	0.3373538689923919
TCTT	4	5998	248420.72482107667	0.02414452338596153	0.4068042734156208
CTTT	4	5442	319406.6528377989	0.01703784173451001	0.5230481129357534
TCTG	4	2283	97417.40815268125	0.02343523650744104	0.15952702001867025
CTGC	4	1445	158015.05528159876	0.009144698253118123	0.2587594082533091
TGCT	4	1494	203103.75443037975	0.0073558462973273885	0.33259493670886076
TTAT	4	8190	240428.03302886372	0.03406424740419841	0.3937157471684326
TATT	4	8465	260569.21613173746	0.032486569694097335	0.4266981779370283
GCCT	4	839	178517.33039161612	0.0046998238107161545	0.29233314947600664
CCTG	4	1525	128927.63480741797	0.011828340776420244	0.21112696148359486
CTGT	4	1671	169267.8826888139	0.009871925928629982	0.27718660783804827
GTGG	4	1537	159972.8688756726	0.00960787920353246	0.2619654488813367
ACAG	4	1994	89582.13703498057	0.022258901897164732	0.14669627984453082
GGTG	4	1298	236573.5024920707	0.005486666876581013	0.38740371545083824
GTTT	4	3777	353422.5013979497	0.01068692566279797	0.5787511649580616
TTGC	4	1568	96599.18830409358	0.016232020449943603	0.158187134502924
TGCA	4	2117	261078.18481012658	0.008108682085175454	0.42753164556962026
GCGA	4	84	66565.27014218009	0.0012619193134885535	0.10900473933649289
CGAG	4	106	222380.5317919075	0.00047666043041568704	0.36416184971098264
GGCA	4	1264	239727.0776560267	0.005272662614332016	0.39256788947117677
GCAA	4	1217	162066.2443200527	0.007509275019643426	0.2653934804082977
GTGC	4	919	99961.42509204191	0.00919354640206268	0.16369300481450014
TGCC	4	996	133341.18987341772	0.007469559863276411	0.21835443037974683
ACAC	4	2687	116978.94503053858	0.022969945568397206	0.19156024430871738
CACA	4	3296	315704.0515745103	0.010440157430865599	0.5169848747830399
CAGT	4	1092	106843.17345399698	0.010220587471320083	0.17496229260935142
CATA	4	2140	160116.5767303767	0.013365262009089704	0.2622007793653739
TAGG	4	778	53168.083468249686	0.014632838899762059	0.08706601906817774
GCAC	4	911	113205.08133026012	0.008047341950510895	0.1853803095159697
CATG	4	1848	142439.1627389126	0.012973960001346945	0.23325292262015215
ATGC	4	1105	79581.49955853788	0.013885136697973297	0.1303196185767261
TTTC	4	8686	83102.72598067083	0.10452124039854371	0.13608584422967596
TTCT	4	7678	321456.20197769825	0.023885057910728	0.526404376183463
ATAA	4	7563	233717.33725793957	0.03235960193938534	0.38272656855151044
GTAT	4	1749	247251.94678173316	0.007073756234340053	0.4048903272204243
ATTC	4	2424	64874.33033194463	0.037364547542873106	0.10623572100524123
TGTG	4	3152	164596.45453359425	0.019149865705987455	0.2695368558382257
GTGT	4	1862	226037.34013027474	0.008237577025666874	0.37015009912206176
TATA	4	6885	204656.47205915986	0.03364174086813027	0.335137607684684
ATAT	4	7535	230406.22339271882	0.03270310970358155	0.37730441518202945
TCCT	4	2620	234860.63675582397	0.01115555180378702	0.3845987920621225
CACC	4	1364	135215.21249690058	0.01008762235263481	0.22142325812050584
AGAC	4	1468	61296.591060850835	0.023949129545273985	0.10037695207323641
AACT	4	2207	149901.6344379911	0.014722988233413534	0.245473180731124
ACTG	4	1202	93117.95648795649	0.012908358874428929	0.1524864024864025
ACCA	4	1320	234955.0278026906	0.005618096417619559	0.3847533632286996
CCCA	4	2265	173587.91143028127	0.013048143625540999	0.28426092160383004
TCCC	4	2550	213126.47799827438	0.011964726410111495	0.34900776531492667
CCCG	4	326	28870.4105326152	0.011291838044066414	0.04727707959305805
CCGG	4	127	171995.80361757107	0.0007383901079492715	0.28165374677002586
AGTA	4	1514	166970.3100511073	0.00906748031752822	0.2734241908006814
GCCC	4	743	175149.07887479317	0.00424210052815145	0.2868174296745725
CCCC	4	2737	214518.11370436865	0.01275882932558278	0.35128665469778575
CCAT	4	1438	146706.9896751448	0.009801850635638983	0.24024175270712667
ATCT	4	2044	243981.48764175634	0.008377684797959969	0.39953474847339343
CCGC	4	265	296653.3126614987	0.0008932986374650154	0.48578811369509045
CGCG	4	109	113573.628032345	0.0009597298412353045	0.18598382749326145
CGGT	4	45	38443.738498789346	0.0011705417255769004	0.06295399515738499
AACG	4	127	8032.307482063547	0.01581114770364505	0.013153399385035873
GCAG	4	1443	179961.8966084952	0.008018364038134294	0.294698715837998
GTCC	4	560	136550.29284903518	0.004101053086858735	0.22360953461975028
TCCG	4	81	7376.44176013805	0.01098090415865821	0.012079378774805867
GACC	4	496	116621.02806824436	0.0042530923300534654	0.19097413318657128
ACCG	4	47	7667.530044843049	0.006129744484224198	0.012556053811659192
TGAG	4	1639	137837.31434223542	0.011890829474017007	0.22571711177052423
ATGA	4	2722	202404.43722408617	0.013448321772641858	0.3314497616104538
CCAG	4	1332	142401.12415008814	0.009353858741986451	0.23319063208259885
CACT	4	1391	135820.87974212746	0.01024142976132229	0.2224150756260848
ACTC	4	1053	78527.49961149962	0.01340931527438826	0.1285936285936286
CTCA	4	1807	128642.13622402892	0.014046719473416772	0.21065943992773262
CTGA	4	1406	147713.1710355567	0.009518447069703456	0.24188943680249156
TGAA	4	3103	249701.77804154303	0.012426823806932412	0.4089020771513353
CAGC	4	1283	130023.22976370035	0.009867467546619779	0.21292106586224233
AGCA	4	1609	273807.2972522897	0.005876395611609452	0.44837635303913403
CGGC	4	150	144903.32203389832	0.0010351729545918166	0.23728813559322035
GCGC	4	169	140365.89573459714	0.0012039961638512537	0.22985781990521326
CGCT	4	97	88883.70889487871	0.0010913135962262812	0.14555256064690028
CTCT	4	3209	245699.86052393858	0.013060650474758193	0.4023486901535682
TCTC	4	3569	155247.11793382428	0.022989154629726033	0.25422673996473394
TCCA	4	1734	155300.4434857636	0.011165454270959349	0.254314063848145
TATG	4	2831	85009.71746588396	0.03330207515553895	0.1392086605168865
ATGT	4	3124	223539.90323150274	0.013975133543673043	0.3660603920183648
CAAG	4	1264	66481.27537782532	0.01901287231354175	0.10886719272435469
CAAT	4	1646	91636.3525478133	0.01796230376084822	0.1500601845660024
ATTA	4	4592	122649.82502351834	0.037439922960505446	0.20084666039510818
TTAA	4	5954	168629.83237120934	0.03530810602297998	0.27614176105224697
GGTT	4	868	159099.13910285456	0.005455717767516357	0.26053466243769824
CCAA	4	1376	137018.7922437673	0.010042418105335411	0.22437673130193905
GTAG	4	748	99471.69795037755	0.007519726871186488	0.162891046386192
AGCC	4	908	149996.5695253955	0.00605347177520796	0.2456286427976686
TGCG	4	114	13140.870886075949	0.008675224114772657	0.021518987341772152
ACGC	4	100	179066.8872180451	0.000558450540764874	0.2932330827067669
CGCA	4	114	125095.59029649595	0.0009113031061271011	0.20485175202156333
AATT	4	6143	180131.89736134332	0.03410278851211557	0.29497710256596643
GCAT	4	1081	155430.77774119197	0.006954864510811204	0.25452749423773463
TTCC	4	2668	116659.56490637493	0.022869963574278732	0.1910372396381233
CTTG	4	1205	69229.69864592337	0.01740582471928696	0.11336790550273697
TTGA	4	2279	136328.05964912282	0.016717028070858075	0.22324561403508772
GAAC	4	1073	56764.18974555684	0.018902762548178326	0.09295486510676385
ATCC	4	1046	118972.05001453911	0.00879198097260804	0.1948240767665019
CCTT	4	1862	156181.6425514571	0.011922015734893604	0.25575708171999184
TGAT	4	1882	151125.74955489615	0.012453205397114454	0.24747774480712167
GATT	4	1300	174182.68456375838	0.007463428430075344	0.28523489932885904
ATTG	4	1831	50758.72651525333	0.036072615010342556	0.08312054831339874
GCTG	4	1107	212567.44983513895	0.005207758764846436	0.34809232218558644
TCAT	4	2853	223929.0686511628	0.012740641566479294	0.3666976744186046
AATC	4	2025	58105.63175110853	0.03485032240375508	0.09515155920622229
GATG	4	1234	158608.7033557047	0.007780153130894482	0.25973154362416107
TGTC	4	1467	76880.72537508153	0.019081505706962047	0.1258969341161122
GTAC	4	590	84539.96404171162	0.006978947846593557	0.13843941028407047
CAAC	4	1154	59947.48909990638	0.019250180738625836	0.09816771432392671
TGGT	4	1124	126640.04186174608	0.008875549814071284	0.20738088680804187
TAGA	4	2226	161701.2786472387	0.013766124910218898	0.2647958265875157
AAGT	4	1926	96230.50069225927	0.02001444434087753	0.15758338577721837
AGTT	4	1824	201994.19647927312	0.009029962403831552	0.33077796706416807
GTTA	4	1045	102156.74557315937	0.010229378335585536	0.16728797763280523
TAAT	4	4642	150492.55179185077	0.03084538035091891	0.24644084437898872
GAGC	4	822	60584.856776086555	0.013567746855257922	0.09921144324225196
AGCT	4	1020	170589.3189009159	0.005979272363426521	0.2793505412156536
TGTT	4	4364	230243.83039791256	0.018953819489790615	0.3770384866275277
GCTT	4	853	162805.38106453134	0.005239384561017031	0.26660386245878476
GCTA	4	603	101249.9896373057	0.005955556165092424	0.16580310880829016
TTAC	4	1917	54841.50938984289	0.0349552742316579	0.0898063573255389
GCTC	4	671	134041.17946302402	0.005005924318840383	0.21950070654733866
TAAG	4	1430	45817.28751431844	0.031210926651934777	0.07502863688430698
GATC	4	684	94673.4120805369	0.007224837311431577	0.15503355704697985
TCTA	4	2709	109578.7490924178	0.024721946750051436	0.179441966600975
CTAT	4	1675	130794.34766659874	0.012806363806100075	0.21418381903403302
TATC	4	1814	60428.59434321872	0.03001890114631744	0.09895555386140123
ACCT	4	933	179913.11569506727	0.005185836487770748	0.2946188340807175
GGTA	4	579	112337.8269143634	0.005154096495398467	0.18396012686905303
TACC	4	680	55416.89548022599	0.01227062602672572	0.09074858757062147
GGCT	4	953	171358.3115769414	0.0055614460205047865	0.2806098141972368
AGCG	4	93	16270.814321398835	0.005715755718365582	0.026644462947543714
GTTC	4	750	73273.9888164026	0.010235555783365656	0.11999068033550792
GACT	4	770	176780.00220143094	0.004355696291499239	0.2894881673087507
TGGC	4	892	95358.43789589644	0.00935418007763302	0.1561553291104379
ACGT	4	116	149222.4060150376	0.0007773631527447047	0.24436090225563908
AAGC	4	1291	68329.80440528634	0.018893658649198793	0.11189427312775331
GAAT	4	2036	104393.01470400204	0.01950322064912977	0.17095000639304436
AATG	4	3785	110485.04005233699	0.03425803165937251	0.18092607399869157
CGCC	4	233	283111.0727762803	0.0008229985415799014	0.4636118598382749
AGAT	4	2141	90695.27797522888	0.02360652117505787	0.1485191168551427
TTGG	4	1401	82850.32046783625	0.01691001304628495	0.13567251461988303
CTTA	4	1300	70901.06367041198	0.01833540898685429	0.11610486891385768
TACG	4	94	5498.563559322034	0.017095373907361013	0.009004237288135594
CGTG	4	105	269174.2631578947	0.0003900818702656135	0.4407894736842105
TTCA	4	3863	167409.04523458867	0.023075216721932888	0.2741426467494214
TCAA	4	2008	163260.31032558138	0.012299376351763341	0.2673488372093023
GATA	4	1369	183199.19999999998	0.007472740055633431	0.3
TGAC	4	929	71999.15806132542	0.01290292865937019	0.11790306627101879
ACTT	4	1672	133923.7871017871	0.012484712657723883	0.2193084693084693
CTAG	4	1539	118225.14774811493	0.013017535011069918	0.19360097819441613
CGTC	4	52	132578.36842105264	0.000392220847332005	0.21710526315789475
CTCG	4	136	10150.15140018067	0.0133988149179311	0.016621499548328818
TCGG	4	82	139491.7766497462	0.0005878482729910028	0.22842639593908629
GTTG	4	1005	81810.76421248836	0.01228444703669676	0.13397017707362535
CTAC	4	834	70063.95598125127	0.01190341008182829	0.11473405339311188
GTAA	4	1221	179400.39122617763	0.0068060052247078656	0.2937792161093132
CGTT	4	67	112490.73684210525	0.0005956045971504555	0.18421052631578946
GGAT	4	1002	78997.32809773125	0.012683973295405377	0.1293630017452007
CGAC	4	49	102365.64161849712	0.0004786762357492601	0.1676300578034682
GCGT	4	64	65118.1990521327	0.0009828281637328838	0.1066350710900474
CGTA	4	45	96420.63157894736	0.00046670509478207334	0.15789473684210525
CCGA	4	70	86786.87338501292	0.0008065735896425113	0.1421188630490956
ATCG	4	59	5859.817388775807	0.010068573145813659	0.00959581273626054
TCGT	4	91	179789.40101522842	0.0005061477455631112	0.29441624365482233
TTCG	4	132	5139.187881338103	0.025684992074201194	0.008415737428992216
TCGC	4	74	148791.22842639594	0.0004973411455945222	0.2436548223350254
GTCG	4	53	11783.527809307605	0.004497804126039081	0.019296254256526674
TCGA	4	54	142591.59390862944	0.00037870395105199815	0.233502538071066
CGAT	4	39	116485.04046242774	0.0003348069404034714	0.1907514450867052
AACAT	5	775	67020.03582916297	0.011563706142675143	0.14589427313945275
ACATC	5	256	18456.806438764303	0.013870221852808215	0.040178169506250465
CATCA	5	359	30417.810514574423	0.011802295889376665	0.06621578607969633
ATCAG	5	251	34728.03695438777	0.007227589636859304	0.07559861236027239
GAAAA	5	2184	129626.70566359417	0.016848380037273285	0.2821811980294796
AAAAA	5	16016	140964.08258931458	0.11361759467949782	0.3068612559468202
AAAAG	5	3858	32328.45768893116	0.11933758291602412	0.07037502707800433
AAAGG	5	871	11892.328689878683	0.07324049164074066	0.02588811880924624
GACGG	5	24	1965.533189054088	0.012210427243688511	0.004278721018285946
ACGGA	5	9	18670.51020408163	0.00048204360253810717	0.04064337599446558
CGGAG	5	32	44419.848229867865	0.000720398679311183	0.09669647875123073
GGAGA	5	687	80707.21184833812	0.008512250445362725	0.17568955110288811
GAGAG	5	1026	50680.00414065622	0.020244670800587568	0.11032405869869916
AGAGT	5	272	15388.575193213741	0.017675450558928302	0.03349901211913112
AGTCA	5	214	27257.32589508721	0.007851100317899153	0.05933580458425425
GTCAC	5	108	28389.78126843175	0.003804185702553879	0.06180101892669535
TCACG	5	49	3150.6954865153184	0.015552121812379334	0.006858671771835843
CACGA	5	46	5141.942687116999	0.008946035146453845	0.01119336899153413
ACGAA	5	45	36416.10569777043	0.0012357169757104237	0.0792733278282411
CGAAG	5	8	28894.02172452556	0.0002768738833337802	0.06289868761515793
GGAGG	5	1184	68737.47178482858	0.0172249570613583	0.14963291737196396
GAGGG	5	596	46096.07046408458	0.012929518590188052	0.10034540584378868
AGGGC	5	168	14181.353393452184	0.011846542099258945	0.03087104057576655
GGGCC	5	143	10832.68762175265	0.013200786821623832	0.023581412142943767
GGCCG	5	54	5019.753954224519	0.010757499369975046	0.010927379334103624
GCCGT	5	23	2108.208274719903	0.010909738034803884	0.0045893069148883105
AAAAC	5	3446	28850.93964040212	0.11944151708578356	0.06280490328229747
AAACA	5	2867	31619.401004318224	0.09067217938785296	0.06883149896232313
AACAA	5	2281	117532.82623459959	0.01940734408485205	0.25585432835684996
AAGGG	5	369	26389.235833917268	0.013982974055115902	0.05744608060951919
GACGA	5	16	3178.3089865555467	0.005034123512748773	0.006918782923185785
GAAGA	5	777	54854.772914477486	0.014164674443396176	0.11941201050664052
AAGAG	5	1026	63874.773772025175	0.016062679198863176	0.1390474292668396
GAGTG	5	282	13274.61775809033	0.021243549542368758	0.028897189997889147
AGTGA	5	334	21359.39635717779	0.01563714603234842	0.0464967463486784
GCGGG	5	152	119652.42247799593	0.0012703461981971387	0.2604684254615976
ACAAA	5	3461	124463.2724780944	0.027807399975033904	0.270941046898811
CAAAT	5	642	60729.77904553712	0.010571419986866872	0.1322011673397648
AAATA	5	4303	40518.82444741767	0.10619755283335318	0.08820443570471483
AATAG	5	778	21215.674633298437	0.0366709997889444	0.04618388205100515
ATAGC	5	166	3541.125893920982	0.04687774594090842	0.007708590155126285
CAAAA	5	3687	163600.33235895372	0.02253662903269899	0.3561375531896749
TACAA	5	1792	86919.5740907829	0.020616760019191428	0.18921309018530197
AAAAT	5	5843	52327.018323061486	0.11166315580845702	0.1139094034992435
AGAAA	5	2923	113990.36244764987	0.025642518694002657	0.24814282577518507
CTGGA	5	296	30186.947478753584	0.009805562493800775	0.06571322599614603
TGGAG	5	382	57119.12542734828	0.0066877774675643195	0.12434122398600765
GAGGC	5	360	27756.018038587514	0.012970160182902092	0.06042139528703739
AGGCC	5	200	16791.64018800366	0.01191068875706881	0.03655330991306356
GGCCA	5	169	36611.46634005056	0.004616040188893637	0.07969860362156013
GCCAC	5	156	51377.44299786247	0.003036351964937031	0.11184229625068565
TAACC	5	148	4567.121220354766	0.032405533564643076	0.009942054231094415
AACCC	5	162	19001.509930582895	0.008525638256739866	0.041363921185315004
GGCGG	5	199	28397.050665065057	0.007007770009186766	0.06181684349803223
CGGGA	5	28	72991.86876626892	0.0003836043722850865	0.15889420987315112
GGGAG	5	1211	65322.06571209573	0.01853891157296574	0.1421980036138217
TTTTT	5	12385	118075.97805964817	0.10489009029206176	0.25703670225055875
TTTTG	5	3210	28279.094684565553	0.11351141314124126	0.06156006801552886
TTTGT	5	2625	26935.212344907894	0.09745607223684118	0.0586346034928139
TTGTA	5	655	50472.31262265252	0.01297741208921798	0.10987194012428331
AATAC	5	664	26069.332570988292	0.025470540843034236	0.05674969103821351
ATACA	5	1197	27286.70844952233	0.0438675116206973	0.059399766746751737
CCTAA	5	173	23914.448267840937	0.007234120480740613	0.05205877622120742
CTAAC	5	106	16241.604900236194	0.006526448626912386	0.03535595157809583
TAAAA	5	6010	153823.2728693952	0.03907081085904884	0.33485411205117227
TACTA	5	2630	103570.58799533799	0.025393309538016565	0.22546027418908773
ACTAA	5	2621	109585.99813975846	0.023917289110761727	0.23855507307718432
CTAAA	5	2796	132588.92486513258	0.021087734159124138	0.2886295803966541
ATTTT	5	7302	142019.93673449822	0.051415316524544424	0.30915971895339794
TTTTA	5	8170	54847.98270658422	0.14895716481873877	0.11939722906952553
TTTAG	5	3883	26000.527580605863	0.14934312344094053	0.056599911141261505
TTAGT	5	3494	63652.70182201321	0.05489162125073628	0.1385640062824914
GGGGC	5	318	20011.237148472235	0.01589107148351784	0.04356197161457165
ATGGG	5	289	26944.362692829953	0.010725805738834733	0.058654522660903645
TGGGT	5	305	24167.890681367324	0.01262005046369832	0.05261048879859836
AGGTC	5	176	12577.108692913454	0.013993677266951412	0.02737879961189239
GGTCA	5	201	27259.787629598737	0.007373498382714976	0.059341163473768076
GTCAG	5	138	30954.21422041549	0.004458197485400347	0.06738347015811842
TCAGG	5	197	21778.4751627907	0.009045628701158175	0.04740902872777018
AAGGA	5	843	36084.06180338992	0.02336211495793426	0.07855050961393097
AGGAA	5	944	61922.91382462195	0.015244760649887962	0.1347984731931323
GGAAA	5	756	81829.96553914787	0.009238669416747166	0.17813364609043583
GGACA	5	197	22882.860318631192	0.008609063607297506	0.04981313770180984
GACAT	5	210	54679.877436158036	0.003840535309267789	0.11903128482708651
ACATT	5	534	37241.369706629856	0.014338892586567115	0.08106982481949317
CATTT	5	984	94501.22534919283	0.010412563396548643	0.2057174009612926
ATTTA	5	1708	65970.29439865352	0.025890440774429237	0.14360911675160876
TCTTT	5	2599	97744.77631242805	0.02658965622564469	0.21277820754424073
TCTGC	5	351	18962.553230774578	0.01851016557360838	0.04127911730044491
CTGCT	5	339	39534.67688978176	0.008574750742116697	0.0860620690108316
TTTAT	5	3943	42593.74965165837	0.092572267815038	0.09272128951934235
TTATT	5	3404	77173.81767551189	0.04410822352099509	0.1679977919418859
AGGGA	5	542	43805.66328290419	0.012372829433027293	0.0953594745956545
GGCCT	5	154	28918.14777977168	0.00532537564897996	0.06295120703342305
GCCTG	5	176	28352.29206090425	0.006207610997443527	0.06171940958979883
CCTGT	5	192	26883.285986835017	0.007141984060059626	0.058521566276791934
GTGGG	5	588	40997.16982471263	0.014342453455056798	0.0892457340309043
TGGGG	5	574	62254.905318241756	0.009220156983064404	0.13552117733751096
GGGGA	5	1210	61813.95330047025	0.01957486838155027	0.13456127969904752
GGGAC	5	124	15627.126254943501	0.007934920213546859	0.03401830807782657
GACAG	5	274	33378.98248297818	0.008208758314898545	0.07266188875073074
ACAGG	5	254	16737.002356715406	0.015175955322614107	0.036434370157465173
CAGGT	5	198	18582.382848684527	0.010655253506092557	0.0404515337147608
AGGTG	5	254	28984.98094997575	0.008763159114659087	0.06309669452336386
GGTGA	5	220	36338.56220591083	0.0060541745915366684	0.07910452530162967
GTTTG	5	374	32281.953671624615	0.011585420256914029	0.07027379362267916
TTTGC	5	630	8823.463444502071	0.07140053381108016	0.019207581283446757
TTGCA	5	497	31067.466340402698	0.015997442293955597	0.06763000592197795
AAGGC	5	181	15889.859991459332	0.011390912197922825	0.034590246708475735
AGGCG	5	46	8693.017265470922	0.005291603432413989	0.018923616193931136
GGCGA	5	30	5582.326199115354	0.005374103721268416	0.01215202906371574
GCGAG	5	30	18235.01975180122	0.0016451860435762159	0.03969536750404076
GGGCA	5	258	19748.08539894731	0.013064557641306986	0.0429891230216497
GGCAA	5	201	47859.861118305394	0.004199761455703884	0.10418495848329552
GGTGC	5	101	29131.330034696894	0.00346705762763677	0.06341527825844931
GTGCC	5	90	16419.447522665436	0.0054813050119843455	0.03574309282341934
GGTGG	5	550	46620.20810050973	0.011797459136480913	0.10148638821637648
ACACA	5	1498	45493.5293751591	0.032927759630316904	0.09903374891735078
CACAC	5	884	45493.5293751591	0.01943133478851812	0.09903374891735078
CACAG	5	455	34838.8129301943	0.013060146478345077	0.07583975786656254
ACAGT	5	254	11790.43890715984	0.02154287910738899	0.025666317438862104
CACAT	5	869	57071.30293788074	0.015226566685289506	0.12423712038095483
ACATA	5	991	28945.024970004393	0.034237317156470555	0.06300971533000212
CATAG	5	182	12968.4761378825	0.014034031297505788	0.028230757809285027
ATAGG	5	200	4306.293800647626	0.046443649518275294	0.009374265414776688
TAGGC	5	89	6789.156360186036	0.013109139822132661	0.014779148058414356
AGGCA	5	455	30611.308661316412	0.014863787923414874	0.06663700745213358
GGCAC	5	106	33430.64740645898	0.0031707432617508998	0.07277435685619774
ACATG	5	809	25749.39588626718	0.03141821282228453	0.05605322871182779
CATGC	5	250	13963.789885197564	0.017903448995964532	0.030397431907764838
ATGCA	5	447	25594.371984478414	0.01746477703266488	0.055715760980112966
TGCAC	5	457	36408.122216502794	0.012552144196902705	0.07925594878356806
GCACA	5	476	44025.86030820312	0.010811827336655346	0.09583881610235477
TCTGG	5	242	16280.787929331033	0.014864145460922027	0.03544124815364177
CTGGG	5	307	34768.39295271712	0.008829858786326453	0.07568646234379203
TTTCT	5	3519	32907.80036085046	0.10693513274702071	0.0716361839391225
TTCTT	5	2824	98371.97903485388	0.028707361869780387	0.2141435497761168
GGGAA	5	491	54339.009515562764	0.009035865842556019	0.11828925780641213
GAAAC	5	466	26530.533113035824	0.017564667774091207	0.0577536671928229
AATAA	5	3430	75414.85493750185	0.045481755588372155	0.16416874907483195
ATAAA	5	3176	106277.08404326314	0.029884146978544482	0.23135197909168376
TGTAT	5	1029	42319.26673501791	0.024315166102548125	0.09212377438648663
GTATT	5	424	79364.19235504913	0.005342459709073386	0.17276596488928223
TATTC	5	719	20823.69380053688	0.034527976010743235	0.04533058858476292
TGTGT	5	1173	45831.32774377645	0.025593847216422497	0.09976909390556811
GTGTA	5	435	38688.20696280064	0.011243736377296053	0.08421940937623949
GTATA	5	551	62334.284365337844	0.008839437327468445	0.13569397563932187
TATAT	5	2826	58087.3365627484	0.04865087930046913	0.1264488990729741
CTCCT	5	703	65435.068705461286	0.010743474621603428	0.14244399706004537
TCCTG	5	447	37300.78952168663	0.011983660553354099	0.08119917435833685
CCTGC	5	381	25096.101244264526	0.015181641016334117	0.054631087619814195
CCACA	5	364	71767.1346870564	0.005071959492144102	0.15622811627792693
AGACA	5	663	22839.573903974582	0.029028562563709805	0.04971890856682046
GACAC	5	257	43587.24056255667	0.005896220928029433	0.09488399552990955
AACTG	5	277	17194.976221108354	0.0161093563863123	0.037431322236583596
CAGAG	5	441	44109.44227386328	0.00999785935315059	0.09602076363456198
AGAGG	5	696	43163.619147439116	0.016124690508981417	0.09396182445553974
AAACC	5	643	6992.923238433911	0.09195010127753125	0.015222723180750132
AACCA	5	416	23731.14340675419	0.01752970739208466	0.051659744362445824
ACCAC	5	227	53410.93673527695	0.004250065883043587	0.11626895892078556
CCACC	5	620	30737.67447268172	0.020170686645504966	0.06691209008929917
CACCA	5	284	39135.606866223614	0.007256818604366887	0.08519334325892108
CCCAC	5	722	39460.71315059315	0.018296678958756918	0.08590105916005944
GGGTG	5	462	27482.679846757248	0.016810587707461598	0.05982637207756044
GGTGT	5	109	65873.09404039591	0.0016546968316556835	0.14339752367438277
CCTGG	5	295	21546.903375216083	0.013691062463264125	0.04690492577990065
TCCCG	5	40	7579.7021912139735	0.005277252191565795	0.016500067899389112
CCCGG	5	45	6116.9169678216485	0.00735664718627452	0.013315766603729528
CCGGG	5	25	60776.21114802511	0.0004113451550823165	0.1323022442454843
CGGGT	5	42	33323.22115409397	0.0012603823563689322	0.07254050328075591
TAGTA	5	392	72416.02902333431	0.005413166191060925	0.1576406784522727
AGTAT	5	317	50855.83017519098	0.00623330695631122	0.11070681008326762
TATTT	5	3577	119528.79268809121	0.029925843970783957	0.26019929880248166
ATTTG	5	831	34013.65209087688	0.024431366493070303	0.07404348546255748
GCCCC	5	182	46284.28955977558	0.003932219803545851	0.10075513537939801
CCCCG	5	161	7629.194794432143	0.021103144478300553	0.016607807134126316
CCCCC	5	800	56687.81448521098	0.014112380363661898	0.12340231376876136
CCCCA	5	886	45871.74085259833	0.019314723695510544	0.09985706821151899
CCCAT	5	353	31371.26695472155	0.011252334835870298	0.06829134203224725
CCATC	5	349	18451.4927133389	0.018914458869102875	0.040166602187626854
CATCT	5	336	30685.80884509931	0.010949686928446764	0.06679918507599322
GCCGC	5	55	11324.09016135262	0.004856902339731147	0.024651134285685782
CCGCG	5	38	41503.85875174993	0.0009155775184011728	0.09034873273574458
CGCGG	5	37	47374.53918575388	0.0007810102353697694	0.10312847306498382
GCGGT	5	15	16035.891672308735	0.0009354016793405044	0.03490813949485329
CGGTG	5	20	11203.494077286558	0.0017851573680524426	0.024388611626445025
AACAC	5	479	53424.01192481799	0.008966005785452473	0.11629742198038633
AACGG	5	13	1067.6296819089062	0.012176506723526262	0.002324096883822128
ACGGG	5	16	38127.147153598286	0.00041964849705493855	0.0829980520308034
GGCCC	5	134	28372.522349964667	0.004722879353028931	0.06176344841015092
GGCAG	5	409	53144.63486461951	0.007695979115142769	0.11568925290638893
CCCCT	5	418	51183.20558289919	0.008166741321486475	0.11141946558337909
CCCTG	5	353	30761.643031968524	0.011475329833102564	0.06696426665847115
GGTCC	5	72	17267.453900421064	0.004169694062321735	0.037589097120039584
GTCCG	5	7	1240.7986962810908	0.005641527526568434	0.002701064266330029
TCCGT	5	16	501.84325345069374	0.031882465072477065	0.0010924502767912284
GGGGG	5	826	72693.20908135301	0.011362822063276918	0.15824406492607987
GGGGT	5	468	28220.130146774685	0.01658390650808137	0.061431709558605156
GAGAC	5	286	19271.221484737496	0.014840782159372071	0.041951049656135296
AGACC	5	160	8805.924605199089	0.0181695854976472	0.019169401414096333
GACCG	5	6	1101.5244129311855	0.005446996843250929	0.0023978814929255586
GTGAG	5	275	21172.319675526163	0.01298865708691723	0.046089503706187473
TGAGG	5	319	36908.03580181546	0.008643104220255167	0.08034419841309143
GAGGT	5	297	26631.72363702448	0.011152113323491343	0.05797394636401816
CATGA	5	232	35514.95069717592	0.006532460145536629	0.07731162559739106
ATGAG	5	360	34367.55263767286	0.010474996686420344	0.07481388288774041
CCACG	5	55	5438.468719690606	0.01011314081864002	0.011838869243123482
CACGG	5	18	3179.885609138144	0.005660580980734903	0.006922215034238211
CGGGG	5	99	85838.43766913225	0.0011533294720670422	0.1868595908108257
CCCAG	5	315	30450.516981207715	0.010344651954329697	0.06628698398517921
GCAGG	5	361	33623.02784180295	0.010736689202962701	0.073193145110091
CAGGA	5	347	43979.940409683426	0.007889960667695633	0.09573885420089824
AGGAG	5	694	74438.83651905583	0.009323090371278719	0.16204407850478222
GTTTT	5	1586	134789.4370725286	0.011766500657960253	0.2934198214799458
CACTC	5	307	13138.630022015346	0.023366210897603844	0.02860116162868457
ACTCA	5	319	12444.194414719077	0.025634443610321987	0.027089461777808663
CTCAG	5	441	18472.09818899603	0.023873844513381107	0.040211457742484406
CACAA	5	475	100085.76462535001	0.004745929671198122	0.21787424761817173
CTGAA	5	414	45436.26575646092	0.009111664286388462	0.09890909314950545
TGAAG	5	367	42582.60024107658	0.008618543675639134	0.0926970186407515
GAAGG	5	596	21220.998171693915	0.028085389536246577	0.04619547073124277
GCCCA	5	185	37453.21557222045	0.004939495772886774	0.0815309868913357
CCAGC	5	332	22808.469398868292	0.014555996467543462	0.04965119793211695
CAGCA	5	359	43855.871207754215	0.00818590510491386	0.09546877099651747
AGCAC	5	183	38183.23445668835	0.004792679368417018	0.08312014710603637
GCACC	5	81	18856.15983464048	0.004295678479092845	0.04104751212441383
CGGGC	5	28	23629.900981933457	0.0011849393707323514	0.05143935220960145
CCGGC	5	31	30701.385012919898	0.0010097264337408374	0.06683309245390444
CGGCG	5	34	12151.946641257742	0.0027979056363335838	0.026453274763608176
GGCGC	5	63	11771.426985091071	0.005351942468809578	0.025624930851748405
GCGCT	5	21	15368.997662267984	0.001366387090522926	0.033456394271917836
CTCTC	5	968	46988.35392015076	0.02060084934332797	0.1022877958268225
CCTCC	5	1337	72153.7104212425	0.018529885603864645	0.15706964351757502
CTCCA	5	473	43268.61806154731	0.01093171035245874	0.09419039401783147
TCCAT	5	388	28066.307328867682	0.013824405022491914	0.06109685643695047
TATGT	5	1069	23409.137152632382	0.045665929206612804	0.050958776841162935
ATGTG	5	858	45324.94747509583	0.018929972295531842	0.09866676711153838
TATGC	5	286	8333.788335090543	0.034318126223071725	0.018141619541137598
GTGTG	5	640	45831.32774377645	0.013964247415609888	0.09976909390556811
CAAGG	5	193	10190.990165250212	0.01893829714978058	0.022184516679764663
CAATA	5	441	29568.80441765496	0.014914366971722654	0.06436760551893438
AATAT	5	1949	74346.43966819906	0.026215108735511715	0.1618429420650691
ATATT	5	1778	73956.9660467932	0.024041007832514984	0.160995106485768
TATTA	5	1360	39368.76709032557	0.03454515090299093	0.08570090403532976
ATTAA	5	1433	25477.869925150313	0.05624489033855312	0.05546215050296776
TTAAA	5	2011	76680.17733463024	0.026225813109743472	0.16692319838438885
GGGTT	5	181	18482.503990509264	0.009793045362952077	0.040234109876721935
CTGCC	5	359	25955.211278733983	0.013831519078950489	0.056501263194551676
TGCCT	5	313	29322.870652879697	0.01067426186560153	0.06383223833495082
CCAAA	5	441	66266.03254893956	0.0066549932602998005	0.1442529018815596
TTATA	5	1488	60613.91861739329	0.02454881706943486	0.1319489536138164
TCCCC	5	612	56320.06564864054	0.010866464606380879	0.1226017703410305
AGTAG	5	276	20459.761162843264	0.013489893542904127	0.044538352546820814
TAAAC	5	585	31482.81377302018	0.018581566572087253	0.06853416556666285
ATATA	5	2871	58087.3365627484	0.04942557483073138	0.1264488990729741
ACCCA	5	264	40228.64871066169	0.006562487392971586	0.08757275925642656
CAGCC	5	279	24025.036223375104	0.011612885716632035	0.05229951243077559
AGCCC	5	167	32363.162891008735	0.005160187851923355	0.07045057598168102
TGTGC	5	561	20268.17707414138	0.027678858239093298	0.044121297840411904
GTGCG	5	46	1618.1484515090572	0.028427552464114894	0.0035225076985398764
CACGC	5	67	5277.25696835692	0.012695989678300719	0.011487931333416607
ACGCA	5	33	27594.27955333076	0.0011959000392172494	0.06006931074316518
AAATT	5	2358	27863.987393258925	0.08462536128517148	0.060656431128576986
AATTT	5	2031	82630.43707101227	0.024579320550544428	0.17987617294625355
TGCAT	5	484	49988.41647132622	0.009682243090809377	0.10881855845417072
GCATT	5	174	39444.532062501494	0.004411257806894243	0.08586583494603851
ATTTC	5	1063	38121.03614164801	0.02788486640421221	0.08298474911868763
TTTCC	5	954	11942.559043825826	0.07988237667480554	0.025997464035460924
TCTTG	5	493	21185.66206496306	0.023270455201649116	0.04611854842669167
CTTGA	5	312	11626.244967196875	0.02683583572170544	0.025308887675830314
TTGAA	5	672	41934.22905252746	0.016025094897017006	0.09128559529387266
TGAAC	5	289	17460.547306972745	0.01655160029746547	0.03800943742347792
ATTAT	5	1362	36325.684878727145	0.03749413134389676	0.07907649296374446
TGAAA	5	1012	95684.75993257141	0.01057639691747308	0.208293808383956
GAAAG	5	997	29728.36337047674	0.033536995884210746	0.06471494549207561
AAAGA	5	3233	30740.824933380045	0.10516959147994218	0.06691894824996636
CATAC	5	329	15935.364923383675	0.02064590309552453	0.034689305279322895
TACAC	5	474	39508.89731399223	0.011997297627239296	0.08600595008422816
CATCC	5	256	14963.240120972734	0.017108593989692514	0.03257311062657602
ATCCC	5	205	31235.188262033153	0.006563110754455757	0.06799511566182055
CTCAC	5	329	16941.758670414485	0.019419471520069228	0.03688009915758072
CTTTT	5	2213	121816.36076631889	0.018166689483075368	0.2651790496769928
TCTCC	5	719	43253.760905392475	0.01662283197922708	0.09415805183879035
TCCTT	5	686	45185.80197849104	0.015181759976873793	0.0983638646908424
ACAGA	5	720	24512.593532557883	0.029372656917909908	0.05336086398568026
CCAGA	5	229	38965.59057870415	0.005876980089329258	0.08482323897021632
AGAGA	5	1588	50680.00414065622	0.031333856950617016	0.11032405869869916
TCCAG	5	269	27242.558266804484	0.009874256204777252	0.05930365729624333
ATGAT	5	433	37680.813628158416	0.011491259299040834	0.0820264395202132
TGATT	5	485	32426.884332742517	0.014956725259918948	0.07058928962619242
GATTG	5	144	10891.243606302463	0.013221630624134709	0.023708881230331852
GGGCG	5	136	5608.072795332124	0.02425075511024028	0.012208076197895667
CGCTG	5	24	23274.518518142333	0.001031170633295471	0.05066572883563792
GCTGA	5	182	38679.224543910525	0.004705368376591542	0.08419985576874295
CTTCC	5	646	21718.15835539858	0.029744695172987393	0.0472777265482996
TTCCA	5	497	22317.97686507246	0.022269043605731256	0.04858345675870306
CCATT	5	316	37230.647894395246	0.008487630967270142	0.08104648476926261
AAGAA	5	2887	117872.54254217456	0.02449255728039494	0.25659384845936983
CACCC	5	437	31335.853050227994	0.013945687047342739	0.06821425037165359
AGGGG	5	405	51515.460020695326	0.007861717624909089	0.11214274212448969
TTGTG	5	473	59791.16850825694	0.007910867303666769	0.13015792906924845
TGTGA	5	381	25282.6222672248	0.015069639374152673	0.055037120662520735
GTGAA	5	242	38355.11373296458	0.006309458542734325	0.08349430688929843
AAATC	5	870	8988.161532226695	0.09679398805647291	0.019566108513382766
AATCA	5	653	17311.203115057997	0.03772123726235953	0.037684333712961544
TCAGC	5	286	18670.41342397138	0.01531835388459036	0.04064316531621593
TTCTG	5	727	38576.26306874178	0.018845786039578462	0.08397572145733494
TCTGA	5	378	17726.278446421173	0.02132427295117413	0.038587901027095944
CTGAT	5	200	27499.162293823225	0.007272948821605499	0.05986225231254539
TGATG	5	362	29527.539380638478	0.012259741502109968	0.06427777667137992
GATGC	5	93	15548.944300398085	0.005981113457176576	0.03384811569744497
ATGCT	5	221	19910.94371257351	0.011099423673245647	0.04334364529244909
TTTAA	5	2655	29874.123966892537	0.08887289893227852	0.06503224816139472
ACACC	5	173	19484.758624468624	0.008878734570658195	0.04241589342119629
GTGAT	5	213	23213.472317338506	0.00917570611962722	0.050532838857528954
CATGT	5	539	39223.491100290725	0.013741765071901132	0.08538465629376221
ATGTC	5	234	21170.655524427624	0.011053035166058066	0.046085881056454274
TGTCT	5	556	23369.835463910502	0.02379135278289049	0.050873221958383584
GTCTC	5	220	47191.27693786975	0.004661878513896618	0.10272953396985843
TCTCT	5	1484	46988.35392015076	0.03158229382799453	0.1022877958268225
CTCTG	5	503	29485.14415715702	0.01705943838425851	0.06418548754861403
TGAGT	5	328	13158.35176448032	0.024927134178416164	0.028644093406418995
AGTGT	5	243	38719.460525424925	0.006275913886776272	0.08428744449060009
GTGCA	5	345	32148.80232336377	0.010731348450554106	0.06998393971657901
GCATG	5	208	27272.704511861593	0.007626673031621616	0.059369281918135536
GTCTG	5	189	29612.478143795866	0.006382444558750904	0.06446267778279978
TCTGT	5	711	20312.945687529842	0.03500230891851812	0.04421875353748763
CTGTG	5	414	34320.75339205021	0.012062672263362835	0.07471200675713081
GCCCT	5	127	41789.903691109124	0.0030390115502233013	0.09097141695243773
TCCAA	5	310	26212.87193922548	0.011826250886157562	0.0570621583703594
CCAAC	5	264	10118.424774479225	0.026091017711162217	0.022026550859385218
CTCAT	5	362	35485.87283675553	0.010201242665364227	0.0772483267158253
ACACG	5	65	3447.471290779443	0.018854399215404074	0.007504715745295648
CAGAC	5	254	16772.74589932296	0.0151436146188951	0.036512179399188806
AGACG	5	26	1116.6013908609793	0.02328494323292231	0.002430702196600111
TGGTG	5	235	36906.165070030176	0.006367499835165286	0.08034012606292515
TAGAA	5	607	59254.62127169039	0.010243926751583197	0.12898993254230842
AAAGT	5	810	9196.538307429346	0.08807661893232678	0.02001971880739734
AAGTT	5	370	23944.921195513303	0.015452128531929728	0.05212511199047683
AGTTA	5	259	25419.541670702012	0.010189011405288929	0.055335177155655335
TAATT	5	1479	33393.92016695994	0.044289499184445184	0.07269440622882432
CATAT	5	671	45445.64551627745	0.014764890945594892	0.09892951171872473
GTGTC	5	197	21407.178738017552	0.009202520444702164	0.0466007626422426
CTGCA	5	367	50819.55135879654	0.0072216300653444206	0.11062783561715843
GAGCT	5	164	12731.444921426042	0.012881491536282784	0.027714770364509186
AGCTG	5	256	44669.426052555515	0.005730989238563417	0.09723977859555724
GCTGG	5	309	35525.12468839851	0.008698069400468862	0.07733377310948923
TACAT	5	764	49563.625384045896	0.015414530193869253	0.10789384114914187
CATAA	5	435	46098.73424264564	0.009436267766275985	0.10035120455804124
ATAAT	5	1554	43327.9070300905	0.03586602969122818	0.09431945872010715
TGTTT	5	1756	100240.67277399541	0.017517839330140093	0.21821146336970618
GGAGC	5	199	19158.666788043407	0.010386944049999996	0.04170603209594667
CAGCT	5	276	27323.388654041857	0.010101236105616506	0.059479614984831224
AGCTT	5	168	34212.307369074995	0.004910513581783661	0.0744759332680452
GCTTT	5	277	64058.1640926848	0.004324195111168232	0.13944664716045052
TTTTC	5	3575	31693.991213973684	0.11279740616649772	0.06899387256129795
CCTCT	5	621	78383.56736980834	0.007922578938901368	0.17063126639689738
CTCCC	5	1186	59379.664142140406	0.01997316787041782	0.12926213530182468
AGCTA	5	198	21276.912003382327	0.009305861676192698	0.04631718818083376
TTTAC	5	878	9715.61216070678	0.09037001328139968	0.021149677954579015
TTATG	5	623	25177.665012593305	0.024744153188486277	0.05480864178772265
CAGGG	5	281	32163.702239411734	0.00873655644205278	0.07001637497858332
TGAGC	5	187	10287.092925699208	0.01817811906149275	0.022393720423226408
GAGCC	5	176	11194.564088884299	0.01572191633390711	0.02436917215359228
AGCCA	5	273	41760.92749974396	0.00653721112879195	0.09090833939174607
GCCAG	5	237	39646.260180017205	0.005977865224207312	0.08630497194011243
CCAGG	5	323	26605.39287612972	0.012140395802604164	0.05791662757607031
AGCTC	5	167	28167.730095386833	0.005928770242915328	0.06131764117121742
GCTCC	5	161	37345.52502573228	0.0043110921559963555	0.0812965579804958
TCCTC	5	616	74925.62065118714	0.008221486784444006	0.16310374694951638
AGTGG	5	265	27402.831664895224	0.009670533441238553	0.05965255252777742
ATAAG	5	514	13191.132385987046	0.038965570578764167	0.028715452737828103
TAAGA	5	443	18154.948784491316	0.024401060298139113	0.03952106297807738
TTGAT	5	606	25379.642256754647	0.02387740512137111	0.05524832109948462
TGATC	5	233	17624.965366737695	0.013219884133203678	0.03836735506741282
TCTAT	5	772	17655.380810594957	0.04372604636976872	0.038433565701574225
CTATC	5	193	9736.284214001065	0.019822757404971834	0.02119467844066287
TATCT	5	631	18161.894218014117	0.034743072084085495	0.03953618232206028
ATCTC	5	354	46659.72730643356	0.007586842453560366	0.10157241660702077
ATCCA	5	276	22760.37513036903	0.012126337919261045	0.04954650269795206
TTACA	5	615	18522.37223084886	0.033203090421416025	0.04032089807183006
TATAA	5	1492	58922.09606991169	0.02532157033635949	0.1282660665817214
CACCT	5	245	29967.475187772623	0.008175530252877802	0.06523546214581719
ACCTG	5	160	28573.97200923728	0.005599501530563404	0.06220197923530126
TGTGG	5	289	32436.09652868646	0.00890982673406489	0.07060934342972493
GGTAC	5	71	11699.029931079676	0.006068879250524969	0.025467331479534488
GTACC	5	85	5771.19868452595	0.01472830942866455	0.012563180947389164
TACCT	5	162	12281.934921524664	0.013190104086619726	0.02673624306452839
ACCTT	5	140	34614.22284902779	0.004044580189207748	0.07535085322423078
CTCTT	5	823	75189.03471025349	0.010945744990230178	0.16367716655764908
CTTGC	5	180	8238.112019978402	0.021849666472545964	0.01793334411607623
TCCCT	5	558	50851.16659928362	0.010973199580594499	0.11069665805919278
CTGTC	5	277	16030.74880122384	0.017279292654055745	0.03489694410485539
TCTCA	5	478	24601.8952271647	0.01942939743407273	0.05355526265562417
TCATG	5	280	39291.776118553295	0.007126173150207532	0.08553330427615254
GGCTG	5	287	44870.78954763243	0.006396143301542224	0.0976781218519821
CCCGT	5	18	1964.1476502179603	0.009164280494901976	0.004275704872757188
GGAAG	5	676	36416.799422918964	0.018562861391233587	0.07927483798151172
AGCCT	5	179	32985.53140814352	0.005426621684069889	0.0718053947505595
GCCTC	5	206	56950.88781731828	0.00361715168797346	0.12397499165672912
TTCCT	5	886	33751.44423276013	0.026250728528529832	0.07347269160370445
TTTGA	5	868	12452.337042287118	0.06970579073248202	0.02710718726416192
AAGAC	5	426	24288.571666881868	0.017539112873436798	0.052873196277721135
GTTCT	5	243	29015.72442008961	0.008374769365804776	0.06316361922984237
AGACT	5	219	13348.462081656256	0.016406384395469386	0.029057939895719514
GACTC	5	103	17100.8098948077	0.006023106544870357	0.03722633386915171
ACTCC	5	194	21878.72945984057	0.00886705968717681	0.047627269849492074
CTGGC	5	235	15936.684562805664	0.014745852506139339	0.0346921779700324
TGGCC	5	142	15447.180355388178	0.009192616175447744	0.033626588260084765
GCTCT	5	170	40569.99230844185	0.0041902891848620396	0.08831582176710447
AGGCT	5	239	21881.14174941185	0.010922647581057975	0.04763252110352752
ACCCG	5	13	6690.659469773207	0.0019430072713655325	0.014564732592121469
ACGCG	5	6	25052.701173418718	0.0002394951330184742	0.0545366110694526
TCCAC	5	310	35303.5312312801	0.00878099128297199	0.07685139174459178
CACGT	5	44	4397.714140297433	0.010005197836034	0.009573276111180504
CTTCT	5	728	59844.5288603604	0.012164854730474952	0.1302740879117242
TTCTC	5	1199	61476.21637287783	0.019503477454233448	0.13382606846029124
GTCCT	5	110	39506.14420480687	0.0027843770181605284	0.08599995690832932
GAAAT	5	1032	48118.49144706282	0.02144705640107913	0.10474796450618194
AAAGC	5	543	6530.1298365053435	0.08315301741237525	0.014215279568511372
AAGCA	5	516	23047.136323988452	0.022388898679048683	0.050170746110986805
GAATG	5	403	14208.122462847357	0.028364057323815986	0.03092931350674474
CGCCT	5	20	62258.551729572144	0.0003212410093776758	0.13552911512095187
TGTAG	5	241	17025.424361423724	0.014155300618882592	0.037062228949447995
GTAGA	5	160	19814.118688743074	0.008075050044537194	0.043132869271537075
TAGAT	5	418	18065.912609697334	0.02313749706591783	0.039327242311705354
AGATG	5	391	17720.39774782882	0.0220649674778269	0.03857509947848337
GATGT	5	189	43676.099640549095	0.004327309479451126	0.09507743067859542
GGAGT	5	195	24506.095041268094	0.007957204102555767	0.05334671757928854
GAGTT	5	207	19282.954723410512	0.01073486936878461	0.0419765914557866
AGTTT	5	532	87941.70126744262	0.006049462227051032	0.1914381337808466
AGGTA	5	170	13763.628380924158	0.012351394217793125	0.029961705235655823
CTTGG	5	175	7065.589606783693	0.024767925925386607	0.015380908816745599
TTGGT	5	318	12924.894677895509	0.0246036821130815	0.02813588639734837
CCGGA	5	18	29761.546696197864	0.0006048072764410312	0.06478718146041758
GTGGT	5	182	24956.23999839015	0.00729276525677507	0.05432662710207837
CTTAC	5	184	4789.872184613953	0.03841438621077313	0.010426955344912758
TTACG	5	15	371.46715838509317	0.04038042034512719	0.0008086377513422465
TACGT	5	30	1010.7530545112782	0.02968084030624639	0.0022002835478526824
ACGTG	5	27	49479.9606747131	0.0005456754538974086	0.10771171349426197
TGCTT	5	411	40733.1954846557	0.010090050513096247	0.08867109476081733
GCTTA	5	114	14219.465783173768	0.008017178826429536	0.03095400650270535
CTTAG	5	149	12818.461851257358	0.011623859533925644	0.027904195386019577
TGGGA	5	352	52937.84465836884	0.006649307357932885	0.11523909637543449
TTTCA	5	1537	17137.835279851377	0.08968460572188025	0.037306933522252846
ATTCA	5	701	13378.689736100014	0.05239676035751664	0.029123741735709932
TTCAT	5	1282	46179.706473248225	0.027761111923538515	0.10052747102197387
TAAAG	5	614	35277.562036984535	0.017404830848466526	0.07679486004211064
TCTTC	5	915	46247.734977899025	0.019784752711397915	0.10067556060617062
CTTCA	5	460	31166.03561352902	0.014759657137795104	0.06784457895642552
TTGTT	5	1939	83638.17860061112	0.023183192561606454	0.18206990077934562
CCTCA	5	423	41039.62261032623	0.010307112324506765	0.08933814845926463
CTCAA	5	277	25871.73986119619	0.010706663003189024	0.056319556311842184
TTAGA	5	393	29234.56383213836	0.013442991735965778	0.0636400053815374
GAGAA	5	1004	93523.32057453615	0.010735290340764075	0.203588624028648
TTCCC	5	481	30628.063246554062	0.015704551610984312	0.06667348009803355
CCCTT	5	322	37264.34556478812	0.00864096752860366	0.08111984040191243
CCTTT	5	505	61451.9570631434	0.008217801745208864	0.13377325896359699
CTTTC	5	816	32697.98591797889	0.024955665527745082	0.0711794440216009
TTCTA	5	1256	43392.02542842866	0.0289454107661248	0.09445903648972005
AGATA	5	545	20467.7462358643	0.026627259968908155	0.04455573505654281
GATAG	5	197	14838.029279628194	0.013276695731452038	0.032300542215336944
AGGGT	5	215	19998.74547742186	0.010750674348185002	0.04353477880206947
TTGAC	5	216	12091.340355736027	0.017864024470829777	0.02632134242629323
TGACA	5	302	26827.43139717374	0.011257134368511165	0.058399977789717616
TTCAG	5	472	24038.751314841546	0.019634963306458718	0.052329368477191884
TCAGA	5	354	31896.208057245083	0.01109849795827346	0.06943407345048933
CAGAA	5	672	81398.20783544822	0.008255710019543573	0.1771937633288959
AGAAC	5	466	20800.952183594738	0.022402820596238097	0.0452810829163051
ACCAG	5	172	41215.43951405538	0.004173193396162721	0.08972087996720621
CCAGT	5	146	18742.2605686096	0.007789882093760212	0.04079956760419527
CAGTC	5	149	13509.622912389521	0.011029175349028714	0.029408766957619546
GTCAA	5	174	43354.00178824275	0.004013470333139751	0.09437626375946995
TCAAA	5	676	78957.14785412629	0.008561606116382436	0.17187987969307425
ACACT	5	262	19572.03637866557	0.013386445586499736	0.042605886224874656
CACTG	5	269	15579.795418855056	0.01726595200823045	0.03391527474096282
CATTG	5	198	12881.324050352785	0.015371090675618653	0.0280410385662941
ATTGT	5	494	18438.571954286	0.026791662674569054	0.04013847530397018
TCCCA	5	351	45574.15874464098	0.007701732948417259	0.09920926901531428
CCACT	5	341	30875.357225078948	0.011044406628695389	0.06721180829798584
CACTT	5	296	22407.119780748224	0.013210086923100113	0.0487775097866841
ACTTG	5	183	11421.205288093577	0.01602282730972138	0.02486254182451244
TAAAT	5	1712	57100.45474066224	0.02998224808848772	0.12430058022583393
AAGTG	5	308	16483.971501117314	0.01868481755013488	0.03588355349043985
CAATG	5	244	12471.912251405387	0.019563960608567067	0.027149800057045863
AATGA	5	1073	27547.69597618747	0.038950625886372235	0.05996790409598164
ATGAC	5	230	17951.850457539902	0.012812049685017202	0.03907894320867072
TGACC	5	140	10343.465216465876	0.013535115850453333	0.02251643588114668
GTTAA	5	263	21220.872310176957	0.012393458485392812	0.046195196746391734
GAGGA	5	650	63030.754887627845	0.010312426071349289	0.1372101052467659
TGGTA	5	185	17525.0327700962	0.010556328334841937	0.038149814247424106
GTACA	5	241	28552.837071497066	0.008440492249387673	0.06215597110741371
TATGA	5	406	21195.82751350264	0.019154713338809762	0.04614067734243262
ATGAA	5	980	62259.18606666943	0.015740649081897408	0.1355304959938295
TGAAT	5	614	32111.075308696778	0.01912112858561631	0.0699018127031499
ATCAA	5	555	48639.560529683455	0.011410464937513118	0.10588226701921191
TCAAT	5	370	18429.35716503634	0.02007666337391049	0.04011841585513403
CAATC	5	161	6559.153530369486	0.024545850200724095	0.01427846053622862
ATAAC	5	485	13018.511242440869	0.03725464386579631	0.02833967800189142
TGCCA	5	237	37123.86076996655	0.006384034286426765	0.08081402249575848
TGCAA	5	357	52122.4627113699	0.006849254264459853	0.11346411140240828
GCAAT	5	157	18294.56709358155	0.008581782733469639	0.03982499465268289
CAATT	5	419	20333.877025392954	0.020606006393997203	0.04426431845379354
CCCTA	5	164	15885.597511682587	0.010323816896367362	0.03458096782073558
CCTAG	5	187	9696.425887515532	0.019285456535151645	0.021107911826780644
GAGAT	5	324	28513.96397795387	0.011362853661823623	0.06207134922297272
CAAAC	5	623	33483.87211364499	0.018605972388304567	0.07289022041657775
TAATG	5	451	20482.3724237465	0.022018933679632122	0.044587574446412946
AATCC	5	314	8515.790078626182	0.036872679704506806	0.0185378146752454
ATCCG	5	13	1081.0695566587494	0.012025128188956654	0.002353353817714432
CCGTC	5	11	9019.736332109345	0.0012195478443024013	0.019634842921256633
CGTCT	5	13	40300.538801601055	0.0003225763323909589	0.08772925503315611
AAACT	5	1174	12784.771874846732	0.09182799751865532	0.02783085650221112
CTCGG	5	36	1744.1462589245182	0.020640470841131436	0.0037967892369279023
TCGGC	5	18	24899.39086294416	0.0007229092510366592	0.05420287361266454
CGGCT	5	22	30587.5921867556	0.0007192458911337905	0.06658537964002229
TAATC	5	391	10771.96685523671	0.03629792082120252	0.023449230594758758
AATCT	5	485	17463.724728406527	0.02777185322963194	0.03801635427430922
ATCTT	5	491	74663.17849687165	0.0065762000745866	0.16253244305701162
CCATG	5	228	25741.98262005216	0.008857126638815903	0.056037090954325144
TGTTG	5	488	23203.85943842486	0.02103098414705475	0.05051191281706161
GTTGT	5	251	29718.508838352875	0.008445915014284797	0.06469349340265856
TGGAA	5	441	47515.287005728744	0.009281223534371797	0.10343486354414648
GAAGT	5	255	16410.55572017343	0.015538779085130525	0.03572373647653857
TAATA	5	1269	48560.25699981041	0.026132481135858785	0.10570963310899269
AGAAT	5	813	38254.29583145278	0.02125251510528523	0.08327483887083896
TTTGG	5	605	7567.628536504548	0.07994578447945949	0.016473785056412744
GGTAT	5	102	34215.86416206679	0.002981073326596897	0.07448367596352165
GTATG	5	279	25892.266435647616	0.010775418239010627	0.05636424010859913
TATGG	5	214	11010.086215058645	0.019436723366190293	0.02396758679215333
ATGGA	5	430	23393.892911963918	0.018380865536923648	0.05092559202733267
GGAAT	5	217	27461.512029578484	0.007901968390024255	0.05978029237522908
GCTCA	5	179	21241.405941465287	0.00842693748677787	0.04623989590500396
TCACC	5	236	17807.411832013793	0.013252908520693845	0.03876451830537599
ACCCC	5	252	49714.14061717561	0.005068980311668853	0.10822149407057345
AAGAT	5	625	35937.70421526834	0.017391205522095235	0.07823190736800155
AGATC	5	239	10577.291678936585	0.02259557618855685	0.023025446975528836
GATCT	5	182	28454.219631506738	0.006396239375283213	0.061941293219700586
ATCTG	5	269	29278.931292245947	0.009187493809626867	0.06373658781786942
TTAAG	5	388	9517.558556558735	0.04076675732482062	0.020718539918582104
AACAG	5	540	40911.95347981714	0.013199076408473018	0.0890602286586031
GCATC	5	92	19548.692732845902	0.004706197046384627	0.04255507001451084
TATAC	5	761	20368.13197478429	0.037362287368430086	0.04433888721343456
GCCTT	5	150	34345.68198497571	0.004367361232355686	0.07476627319999762
GTGTT	5	262	64110.61818950336	0.004086686533353323	0.13956083319801155
TAACA	5	518	20650.8254671003	0.02508374306030757	0.04495427574721317
ATGTT	5	581	63402.274057612274	0.009163709167151606	0.1380188562208838
AATGT	5	646	30424.280105826652	0.0212330414311523	0.06622986957430471
ACGCT	5	8	19606.461787892913	0.00040802874514258555	0.042680826054354214
GTTTA	5	369	62611.623761859526	0.005893474371523645	0.13629770897321034
CCTAC	5	152	5746.408183864469	0.02645130577859155	0.012509215114186846
CTACC	5	148	4782.98063141091	0.030943048154544198	0.010411953291677174
TGTCA	5	337	20415.783228303837	0.016506836707238993	0.04444261805914971
TCACT	5	398	17887.176274710382	0.02225057739061411	0.038938155565422475
CTGAC	5	199	13101.119685946156	0.015189541410988822	0.028519506297583572
TGACT	5	211	15679.143238792654	0.013457367968802847	0.03413154257487941
ACTCT	5	258	23767.770979056077	0.010855035595359238	0.05173947802674091
TGTAA	5	489	30705.89779974212	0.015925279345002798	0.06684291622891614
GTAAT	5	239	33258.30921833177	0.007186174090541702	0.07239919807897655
GGCAT	5	251	45900.338268548476	0.005468369285896713	0.0999193212252946
TATAG	5	483	16575.938785099628	0.02913862112197086	0.03608375481655389
GTGGA	5	233	35594.955854277585	0.006545871301368659	0.07748578686272532
TTAAC	5	428	9393.010352983267	0.04556579668455971	0.020447413987259327
TAACG	5	15	447.4151831645254	0.033525907399714096	0.0009739671447764249
AACGT	5	25	1476.5091345548701	0.0169318288759093	0.0032141765414561343
ACGTT	5	21	20678.19252077562	0.0010155626503090662	0.04501385041551246
TATTG	5	565	16292.79521269078	0.03467790471949898	0.035467386514453976
ATTGA	5	389	8524.280767240303	0.04563434858867711	0.018556297847157878
GCAGC	5	193	28824.599779359407	0.006695669722297501	0.0627475646844606
GAAGC	5	195	11652.543159132732	0.016734544325387707	0.025366135565209898
AAGCC	5	166	12625.63642632608	0.01314785206818316	0.027484438445201688
CTTAT	5	394	20999.049089259548	0.018762754366887995	0.045712315214312405
GCAAA	5	429	78379.66490093272	0.005473358434770431	0.170622771208063
CAAAG	5	733	37519.81586664421	0.019536343211418852	0.08167596743969883
TTATC	5	572	17897.37633425307	0.031959991750593754	0.03896035982500766
TGTTA	5	494	28974.558394415737	0.017049440176979836	0.06307400591765258
GTTAT	5	309	30256.16830040579	0.01021279353459492	0.06586391110599596
TTAAT	5	1479	31261.599097442653	0.0473104397311841	0.06805260876201669
ATTAG	5	377	22174.30912511759	0.017001657092123756	0.04827070997731171
TAGTT	5	733	87606.09949344183	0.00836699732368375	0.19070757050560508
ATAGA	5	684	13096.827426763028	0.05222638870557794	0.028510162583783645
AGATT	5	400	19460.385123584623	0.020554577797909458	0.042362835344587686
ACAAT	5	595	29050.92401090533	0.020481276250512544	0.06324024435624422
CTCCG	5	38	2055.1676093695073	0.018489976110346442	0.004473843990668839
TCCGC	5	18	2695.615189963726	0.006677510969302046	0.005868018629621455
CCGCT	5	35	32481.28076223908	0.0010775437168317895	0.07070770388014794
CGCTC	5	22	14676.48934973522	0.0014989960797673256	0.03194888990176897
CTACA	5	247	23663.657092758647	0.010437947060836377	0.05151283505979582
AATGC	5	290	10831.21983506998	0.026774454255006477	0.023578216954094008
TGCTG	5	313	53183.447814771316	0.005885289744473214	0.11577374386615549
TGCCC	5	183	28769.608942447998	0.006360878952719911	0.06262785647957438
CCCAA	5	300	29299.579514315414	0.010239054790988508	0.06378153642634414
CTCTA	5	292	33165.99440304399	0.008804198555047701	0.07219824022048263
TCTAC	5	244	9457.639768187404	0.02579924864771664	0.020588104176961265
AATGG	5	507	14309.53839999083	0.03543091229276305	0.03115008337431119
TGGAT	5	321	17577.395629692543	0.018262091083490896	0.03826380167291258
GGACG	5	12	1118.7176155775248	0.010726567484865375	0.002435308954310703
ACGGC	5	6	19260.105263157893	0.0003115247771504774	0.04192685102586976
CGGCA	5	14	42791.470223916156	0.0003271680063045695	0.09315170258638093
AATTA	5	1472	27215.68886008327	0.05408645019303385	0.05924516594339965
GGTAA	5	130	24826.253126472973	0.0052363922714288745	0.0540436618669602
CCTTC	5	509	29075.86401390261	0.017505928620268067	0.06329453563741659
GTTTC	5	324	36180.22314543181	0.008955168648287038	0.07875984088222626
TATCC	5	238	8856.23662741591	0.026873717360174475	0.019278924421965347
AAGTA	5	479	19793.097949595976	0.02420035515510484	0.043087109739767544
AGTAC	5	136	17388.538736632796	0.007821243754858249	0.037852683731845506
GTACT	5	104	28698.80124056095	0.0036238447427906295	0.06247371692904028
TACTG	5	226	31610.774329836833	0.007149461055330199	0.0688127197661096
AGGAT	5	243	22907.22888209658	0.010608005064720838	0.049866185030272896
GGATA	5	203	17827.79986910995	0.011386710726528632	0.03880890052356021
GATAA	5	363	52744.39041053446	0.0068822484661326035	0.11481797056545312
CTATT	5	509	41983.037554517694	0.012123944089062887	0.0913918453254161
GTATC	5	108	18405.346020520592	0.005867860342293377	0.040066146583221066
GATCA	5	255	28205.7111631093	0.009040722232649059	0.06140032122651543
ATCAC	5	291	31850.9578694726	0.009136302939225183	0.06933556942594182
TCACA	5	393	41577.21575559771	0.009452292387979077	0.09050842179922614
GCGAC	5	11	8393.897980987864	0.001310475779538296	0.018272470755828288
CGACA	5	11	38142.21307433647	0.00028839438284720866	0.0830308486643486
GGTAG	5	128	13765.352100724916	0.009298708748122702	0.029965457559036682
AGAAG	5	990	50729.14473385622	0.019515408848185884	0.1104310316514566
TCATT	5	1067	56827.723932800225	0.018776046727856745	0.12370687921562872
CATTA	5	341	31125.52755578373	0.010955637599679352	0.06775639795849075
GAACA	5	399	25924.073337108443	0.015391099801776146	0.05643347977270904
ATATG	5	1014	24128.179382069746	0.04202554962574295	0.05252404224459753
ATTGC	5	195	6040.125599315002	0.0322840968774084	0.013148601356008397
GCATA	5	175	30657.38383075611	0.005708249632978678	0.06673730735904973
TAGTG	5	166	60309.09166844665	0.002752487152560618	0.13128538330085432
CCCTC	5	1097	61790.52041460087	0.017753532299766533	0.134510269224207
ACTGC	5	186	18125.65372172886	0.010261698852661242	0.039457291274057435
CTGAG	5	320	25081.17040547746	0.012758575250942652	0.054598585042857146
TGAGA	5	390	43335.09201047781	0.008999634751108952	0.0943350995277874
TCAAG	5	292	13370.317943261662	0.02183942081550584	0.029105517385097243
CAAGT	5	171	7880.864537920484	0.02169812704903079	0.017155660829564764
GCAAG	5	207	13272.5290678925	0.01559612331162661	0.028892643179397395
GACAA	5	311	95891.92923762467	0.0032432343626055066	0.208744790165801
CTAAG	5	136	16456.9631972559	0.008263979105372077	0.03582475977581644
TAAGT	5	298	5431.301285109469	0.05486714589319523	0.011823266630478583
TTGCT	5	480	24168.695132319197	0.019860401952694905	0.05261223998815605
ACTTT	5	574	52694.277510886626	0.010893023438482703	0.11470888102262346
CTTTG	5	510	29174.913109758014	0.017480771856332362	0.06351015318620125
ATTCT	5	690	25689.54851858959	0.026859171911904137	0.05592294844416443
CTATG	5	192	13696.806606137092	0.014017866026813219	0.029816242552118954
ATGTA	5	775	38260.749465908586	0.020255745400140347	0.08328888762948836
GGATC	5	63	9213.024093432658	0.0068381455818517225	0.02005560631083313
ATCAT	5	401	66714.38678079755	0.006010697532416204	0.145228913218418
CATGG	5	276	18448.096393045562	0.014960893206523173	0.040159208821234034
TAGAC	5	180	12209.88437435672	0.01474215434652577	0.026579397994568085
TGCGT	5	34	1054.115753794469	0.03225452221694934	0.0022946787449757036
GCGTG	5	25	21592.23949239212	0.0011578233933913424	0.047003616862060366
CGTGT	5	23	74950.66591766161	0.0003068685210251108	0.16315826737617195
TAGAG	5	215	32109.89978706901	0.006695754313334317	0.06989925373893388
GCACT	5	128	18940.621916766526	0.006757961832641433	0.041231375560581415
CAGGC	5	197	19366.8633911092	0.01017201371340479	0.04215925017765307
ACTTC	5	261	24932.18638493617	0.010468395991042894	0.0542742653805748
TCATC	5	334	28163.794974396595	0.011859197253198152	0.061309074902795094
CCGTA	5	6	6559.808241534068	0.0009146608832268012	0.014279885760913913
CGTAA	5	7	21308.610571736783	0.00032850569850315006	0.04638619201725997
GTAAC	5	117	9992.951474963562	0.011708252591152168	0.02175341110938704
TGCAG	5	349	57877.92075269982	0.006029933270948063	0.1259930269294732
GCAGA	5	351	49243.44259826808	0.0071278525927499815	0.10719684309139846
TTGTC	5	476	27927.62711058468	0.017044054552690376	0.06079496686922786
TGTCC	5	193	12932.18423143362	0.01492400638175912	0.02815175484775721
GTCCA	5	121	26123.243980632255	0.004631890284748298	0.05686704946434116
GCCGG	5	39	6565.562912699125	0.005940084729759595	0.01429241296350931
CCGGT	5	9	8145.265411590994	0.0011049363704211147	0.017731228610219547
GTGAC	5	115	11059.336132001397	0.010398454177302282	0.024074797729086533
GACTT	5	212	29164.37216199077	0.007269143282854364	0.06348720685539619
TGGAC	5	147	13664.720717180879	0.01075762930267389	0.029746395566969133
GGACC	5	105	8822.613922850027	0.011901234817501927	0.019205731980586685
GACCT	5	126	25846.483546278174	0.004874937814051059	0.056264576459003283
TGACG	5	18	1311.5633127507162	0.013724080130183688	0.0028551100252750834
GACGT	5	6	2718.2905806067174	0.0022072695402052312	0.0059173801316720525
TAACT	5	321	8349.813223473026	0.038443973704418155	0.018176503727840552
ACTGA	5	233	16943.941091927078	0.013751228166805454	0.03688485001747395
GTAGT	5	140	43141.474454770076	0.0032451371161821858	0.09391361821689968
CTGTT	5	337	48009.18552905378	0.007019490047296413	0.10451001913267573
TGGTC	5	118	16014.254083018943	0.007368435606696401	0.034861037157128925
ATACT	5	384	27426.200077459333	0.014001210481782952	0.059703422652260106
AGCAG	5	378	60699.81321267509	0.006227366774187495	0.13213593545275765
ATATC	5	478	17151.35642821825	0.02786951586018999	0.037336367378689804
CCATA	5	190	28936.691680297296	0.00656605814165581	0.06299157479591204
GAACT	5	221	10481.96212307958	0.021083838827598303	0.022817926402189895
GGTTT	5	275	69266.58887611266	0.003970168077597319	0.15078473939777318
CAGTG	5	244	18301.88779685202	0.013331958031234829	0.039840930912180536
AGTGC	5	127	17123.066705199395	0.007416895710710315	0.03727478417411389
GATGA	5	313	39546.569717950144	0.007914719335516214	0.08608795821694337
TTACT	5	568	18617.0599378882	0.03050965092742943	0.04052702142021142
TACTT	5	446	45463.13913170163	0.009810145285128417	0.09896759314132196
ACTTA	5	261	11696.939596192407	0.02231352892383584	0.025462781080758612
GAACC	5	97	5733.348802185491	0.016918559003949774	0.012480786466333512
GCTTG	5	105	13884.26745826024	0.007562516374425775	0.030224321485892193
TGATA	5	397	34105.45246290801	0.011640367487625751	0.0742433234421365
ACTAC	5	170	26332.444281982083	0.006455914163514327	0.05732245247223849
ACCTC	5	232	57396.1735050413	0.004042081306685413	0.12494432315507908
TACAG	5	290	30255.799044512307	0.009584939388754937	0.06586310728189299
AGTCC	5	230	17265.8945380456	0.0133210590098991	0.037585702582308964
GTCCC	5	95	35850.219474692945	0.002649914042145865	0.07804146398074978
GACCA	5	152	33753.855224819905	0.004503189309416462	0.0734779400332189
ACCAA	5	343	39657.62052594314	0.008649031269428205	0.08632970199868328
CAACC	5	184	6054.871325841108	0.030388754789011107	0.013180700966622204
AACCT	5	225	18171.749671605477	0.012381856676772128	0.039557636417397325
AGGTT	5	213	19492.823445890124	0.010927098405793492	0.042433449533256395
GGTTG	5	156	16033.93261021126	0.009729366075834129	0.03490387486059564
GATTT	5	389	79901.40317477354	0.004868500233332761	0.17393540595413223
CTTTA	5	550	56585.44403769296	0.009719814156333764	0.12317946605095839
AACTT	5	438	24730.099558766025	0.01771121054159861	0.05383434752242405
TTACC	5	171	3743.8062629399587	0.04567544044485787	0.008149800082155191
TACCG	5	8	523.4310164424514	0.01528377140195619	0.0011394441488687898
CCCGC	5	113	10550.278806885044	0.010710617422381002	0.022966643316524323
AGAGC	5	272	12030.663554232126	0.022608894245431402	0.02618925658446522
AGCCG	5	22	5725.790357640007	0.0038422643208801863	0.012464332673682025
AGGAC	5	187	17808.149265845735	0.010500810455281137	0.038766123607008096
GACGC	5	6	3261.948696728061	0.0018393912835043592	0.007100856158006463
ACGCC	5	12	62450.21162069594	0.0001921530718404037	0.1359463348397949
CCCGA	5	34	3086.5177360567945	0.01101565029185187	0.006718964800047009
CCGAC	5	18	10943.84744066556	0.0016447597700526163	0.02382339322788308
GACCC	5	91	27026.688274418728	0.0033670422019901427	0.05883373520142352
ACCCT	5	167	44886.70277189621	0.0037204782193215476	0.09771276295980227
CCGCC	5	117	103458.89427972447	0.0011308839207546922	0.22521713087750822
TGGCT	5	301	20129.179710893004	0.014953416101556904	0.043818717887588336
GGCTT	5	125	34366.53164270629	0.0036372596833329006	0.07481166030882526
ACTGG	5	169	15562.246324774225	0.01085961476724356	0.03387707254823787
GGGCT	5	196	14116.046480558212	0.013884907524918355	0.030728875557951063
ATAGT	5	353	28515.850477429016	0.012379080198902293	0.06207545589743654
AGTAA	5	434	36899.83415020518	0.011761570478429557	0.08032634443874746
GATAT	5	332	51997.15152594887	0.006384965142452416	0.11319132455460883
GCCAT	5	126	40845.06718330066	0.003084827830850394	0.08891462551929509
CATCG	5	22	736.9954089434332	0.029850932221598916	0.001604347239816431
ATCGT	5	14	1297.806492561437	0.010787432548876121	0.002825163140624931
TCGTG	5	13	59615.52778519904	0.00021806399243566802	0.12977558108469142
GCAGT	5	199	23685.85766993406	0.008401637921374624	0.05156116295204791
GGTTA	5	104	20021.501937620324	0.005194415500097143	0.043584316782448125
GCTGT	5	164	44323.403232721495	0.003700076890281023	0.0964865300010917
CTGTA	5	221	28971.633066667753	0.007628151284791171	0.06306763784338633
TGTAC	5	266	14469.731521298309	0.018383202176797054	0.031498803853283616
ATGGT	5	205	16401.86346620934	0.012498579836512801	0.0357048145219567
AGCAA	5	486	54663.74240158226	0.008890719490620397	0.11899616086583538
GGACT	5	179	13373.760586222232	0.01338441785659057	0.029113011590168863
GACTG	5	183	20278.150706078613	0.00902449156496029	0.04414300919529319
GAATA	5	563	33685.06655414314	0.016713637750873114	0.07332819566223411
GAGTA	5	157	15939.472445188263	0.009849761373212479	0.03469824684285193
GTAAA	5	405	81577.81822876331	0.004964584844182583	0.17758475279132757
ACAAG	5	338	21076.160556931318	0.016037076539011368	0.04588017727805953
ACCAT	5	288	42461.694704545174	0.00678258373821269	0.09243382234202452
AAATG	5	1756	17090.553134997896	0.10274682078042738	0.037204006180144925
GTTGC	5	120	9735.218456887014	0.012326379786075375	0.021192358420126116
GCCGA	5	17	3312.8987174169897	0.00513145781083661	0.007211768009110202
TTCAC	5	430	22047.23682969385	0.019503577855201504	0.04799408941231731
TCATA	5	340	44168.08246262196	0.007697866446607257	0.09614841602402827
ATACG	5	31	547.2363865220758	0.056648279908831395	0.001191265475455894
ACGTA	5	24	17724.165017807674	0.0013540835337454216	0.03858330035615354
CGTAT	5	13	29367.803554192924	0.00044266163712280597	0.06393005166638278
CAACA	5	479	27377.878743052548	0.017495877036183886	0.05959823312388718
TGGCA	5	224	28160.346488583764	0.007954447580778519	0.061301567978561615
CAGAT	5	279	24817.18518794674	0.011242209698121014	0.05402392209386413
GCTTC	5	141	30308.98537902299	0.004652085783695909	0.06597888730973671
GTAGC	5	79	5357.350025896564	0.014746096412989029	0.011662283947059617
TAGCT	5	158	9187.605227040665	0.017197081948512487	0.020000272603675144
TATCA	5	407	18003.27505453801	0.022606997824954587	0.03919088815330866
TCCGG	5	10	1562.8832750321606	0.006398430490462714	0.003402202290578397
GACTA	5	120	66440.00460641299	0.0018061407537653489	0.14463161738890964
GAGCG	5	30	1214.3255960823649	0.024705070943728317	0.002643435623440519
AGCGG	5	18	6786.983422187671	0.0026521355483432136	0.014774417842950778
GGGAT	5	279	20101.70470538286	0.013879419884488155	0.043758908221586026
GGATG	5	277	15434.806598088478	0.017946450980105253	0.03359965213113602
GATGG	5	262	20542.30446190804	0.012754167892206606	0.0447180390311773
GCGCG	5	38	19638.163679564645	0.001935007805212591	0.04274983712522834
CGCGA	5	8	9312.943600618286	0.0008590194833209213	0.020273118636706226
CGAGC	5	15	16596.733666253607	0.0009037922944139141	0.03612902268359464
ACAGC	5	184	14348.422060868368	0.01282370975842791	0.031234728262523277
TCAGT	5	263	15341.921774597493	0.017142572088684763	0.033397453435757125
AATTC	5	480	14395.451350883794	0.033343865940718205	0.03133710517113244
TTCAA	5	599	33668.30959008508	0.017791211002063448	0.07329171783793834
TCTCG	5	41	1941.14439185176	0.02112156116366384	0.004225629643496933
CGAAC	5	11	11847.689674974667	0.0009284510568532866	0.025790945231934474
CTTGT	5	245	25148.321628455324	0.009742200836288913	0.05474476489408483
GTTCA	5	173	15110.906842276883	0.011448684172678856	0.03289456269243989
TCCTA	5	255	19262.473353380643	0.013238175353802447	0.04193200606342684
GTACG	5	14	572.6286632506292	0.0244486538981938	0.0012465413002273294
ACAAC	5	371	19004.793426028977	0.019521390824058005	0.04137106894606351
CAGTA	5	194	21975.957541606604	0.008827829214390499	0.04783892327734396
CCAAT	5	168	15467.128878699848	0.010861744368817977	0.0336700137114853
GAATT	5	366	23164.54839463021	0.015800005843621054	0.050426337569453666
GCTGC	5	165	41376.80994665106	0.003987740964389032	0.09007216330626257
TGCTA	5	213	25332.30531907916	0.00840823593893675	0.05514527448022562
GCTAT	5	138	16313.447077295734	0.00845927898292334	0.03551234305227491
AGTTC	5	187	18232.679610601022	0.010256309220246082	0.039690273308025756
GTTCC	5	112	10530.08703974475	0.010636189385450216	0.022922688353595875
CCTAT	5	157	10727.309060819814	0.014635543649378325	0.023352016136785746
GGGTC	5	120	11925.233009528587	0.010062696460867198	0.025959747416111026
ATACC	5	164	5515.284366124451	0.029735547455595944	0.012006087340869206
TACCA	5	217	16039.42186098655	0.013529165943806208	0.03491582427605078
AACTC	5	316	14500.731539329592	0.02179200402013715	0.03156628703263483
TTTCG	5	72	526.1039226354991	0.13685509060513848	0.0011452627328396884
TTCGT	5	49	1138.2046498017285	0.04305025463438024	0.0024777298014291805
ATCTA	5	483	32934.038449665466	0.014665677904584647	0.07169330099149161
AGTCT	5	169	31201.31195707732	0.005416438905918061	0.06792137116396949
TGGGC	5	178	17137.74491073594	0.010386430707606805	0.037306736799940655
TTGGG	5	211	21232.52950405942	0.009937581858047538	0.04622057300600256
AATTG	5	492	11263.23423215892	0.04368194693094775	0.02451865850518079
CCTGA	5	298	23459.946198249283	0.012702501424416672	0.05106938180708809
CACTA	5	184	51046.15772903846	0.0036045807987489043	0.11112112946975332
ATCGC	5	9	1074.0467524646376	0.0083795234977877	0.002338066047413736
TCGCT	5	22	16291.507491072285	0.0013503968255887896	0.0354645833048285
TCTAA	5	436	39359.2361933625	0.011077450737560973	0.085680156459361
TACGA	5	32	1181.8035714285713	0.027077257823242322	0.002572639225181598
CGAAA	5	35	64925.991286243574	0.0005390753272551997	0.1413357989051265
GCTAC	5	92	8738.79229735252	0.010527770528185234	0.019023262738754303
GTTAG	5	97	18469.29056051125	0.005251961339944123	0.04020534588485907
TTAGG	5	203	9612.451694806365	0.021118441626050664	0.02092511046512507
TATCG	5	11	436.20269955929103	0.02521763393741863	0.0009495589640669498
TCGTC	5	13	29362.87189420251	0.00044273598464211387	0.06391931605663906
CAGTT	5	235	26585.65995428005	0.008839351755951694	0.05787367146220738
AACTA	5	745	56338.189605975385	0.01322371210737278	0.12264122393948153
ACTAT	5	329	49157.0141036646	0.006692839384145454	0.10700869902011129
CTATA	5	333	32974.34931028404	0.01009875879176618	0.07178105271583511
ATGCC	5	147	13071.885025381276	0.011245508946458344	0.028455866081626903
GCCAA	5	148	38147.75142591288	0.003879651996984206	0.08304290496613409
CAACT	5	186	11069.783836175156	0.016802496123923132	0.024097541080198612
CAAGA	5	429	26342.985695844436	0.01628516998616729	0.057345399817674565
GTAAG	5	146	10125.45469894098	0.014419105545479368	0.022041854129622007
CTACT	5	216	23784.627420012228	0.009081496051447879	0.05177617239985769
TACTC	5	157	26657.748543123547	0.005889469613160511	0.058030599344158676
GGAAC	5	137	14932.325538895708	0.009174726310589902	0.03250581343065935
CATTC	5	420	16463.519259181692	0.025510948988975508	0.03583903150631444
CCTTA	5	198	13640.94667939785	0.0145151216153526	0.02969464244689044
AAGCG	5	18	1369.5605614997783	0.01314290182267556	0.0029813628143947595
AGCGT	5	7	1305.1891196514753	0.005363207442205165	0.002841234200567458
GAGTC	5	118	9798.7203401365	0.012042388791999774	0.021330594113155077
GTCAT	5	213	59464.674686587656	0.003581958551402661	0.12944719267217486
GGCTC	5	166	28294.70626413628	0.005866821816433064	0.0615940524804109
GATAC	5	112	18232.628783888456	0.0061428333416720755	0.03969016266460108
CAGCG	5	23	2606.10562423052	0.008825428941235254	0.00567316745011803
CCAAG	5	198	11221.250362978322	0.017645092444711057	0.024427264849508946
AAGTC	5	313	12167.719611797318	0.025723801171135482	0.026487610556534147
GAATC	5	173	7472.250825177659	0.023152327731970478	0.01626615965461184
TAGGA	5	179	15417.400645789554	0.011610258052733706	0.03356176154024728
GTTAC	5	134	6901.416265998275	0.019416304543197583	0.015023523895558466
AAGCT	5	206	14358.986511974237	0.014346416429057344	0.031257725757170056
GAGCA	5	257	20434.822921573545	0.01257657093415176	0.04448406510070998
CAAGC	5	152	5595.917391542581	0.027162659732919932	0.0121816153973507
ATTAC	5	408	8285.869843347376	0.04924045486034013	0.01803730695108425
GGTCG	5	14	1490.0848543510563	0.009395438091407962	0.0032437291930998624
GTCGG	5	15	2024.8166884654609	0.007408078017851575	0.004407773814942641
TCGGG	5	18	49290.63089195069	0.0003651809618638794	0.10729956613119308
TGCTC	5	194	33536.51783719003	0.005784738920773264	0.07300482360166233
GCGAA	5	11	13893.348382324739	0.0007917457834710539	0.030244089526888198
TAGCA	5	168	14746.72254772399	0.011392361893045119	0.032101778828849674
CTTCG	5	18	956.7470641144748	0.01881374991901339	0.0020827192312026254
GGATT	5	189	16950.369003068743	0.011150199736995867	0.03689884277967134
TCAAC	5	190	12056.281781761743	0.015759419316776782	0.026245024275996776
GGTTC	5	74	14360.826598710957	0.005152906727990318	0.031261731396881313
TCTTA	5	504	21697.132940737265	0.023228875509801534	0.047231956838517775
TTGGA	5	292	18434.710337396784	0.015839684739046143	0.04013006904482357
ATTCC	5	294	9322.985633444985	0.03153496224914406	0.020294978891807078
ACGAC	5	11	22001.397192402972	0.0004999682476437575	0.04789430222956234
CGACC	5	15	14705.942151994172	0.0010199958523545499	0.03201300498503218
GTCTT	5	263	75513.74465537543	0.003482809668627371	0.16438401967759478
GGTCT	5	110	31204.12989111624	0.0035251744042802745	0.06792750545550301
TCTAG	5	691	15958.717193211425	0.0432992195822569	0.034740140263078506
CTAGT	5	461	51274.958571945834	0.008990743490375588	0.11161920041610068
TTGCC	5	207	15867.17377859205	0.013045801532676466	0.03454086164779036
GTGGC	5	141	18791.750437034814	0.007503292493823085	0.04090730088562873
GGCTA	5	113	21372.82533256646	0.005287087609695582	0.04652597955601854
AGTTG	5	173	20356.875293389494	0.008498357312046729	0.04431438281964041
GTGCT	5	129	25009.91209611793	0.005157954954188885	0.054443464575961914
TTGAG	5	320	23148.019036736252	0.013824077105352092	0.05039035521543721
ATTGG	5	205	5180.44044007793	0.03957192489156697	0.011277173806262284
CGGAC	5	34	10626.647656444777	0.0031995038415882655	0.02313288879310709
AAGGT	5	203	15246.220093071106	0.013314775646735985	0.03318912279117039
CTAGG	5	147	7743.23867357934	0.018984304397277312	0.016856066459092895
AGCAT	5	217	52425.648730053465	0.004139195322452974	0.11412410961450466
GGCGT	5	15	5460.971281743281	0.0027467641242038573	0.011887854518852353
GCGTC	5	8	10634.983630581193	0.0007522343501306176	0.023151035170865555
GCGGC	5	54	60442.97630331753	0.0008934040529211349	0.13157683348060084
ATCCT	5	240	34420.48249147411	0.006972592556174875	0.07492910458901486
GTTGG	5	145	8349.614351193299	0.017366071521528068	0.018176070807649755
GCTAG	5	87	14745.741887184533	0.005900008332277358	0.03209964405296019
TGGTT	5	283	24819.93557341211	0.011402124681707815	0.054029909340563696
TAGGG	5	126	11275.155879195036	0.011175011800279917	0.024544610446379282
GATTA	5	250	26316.836814258742	0.009499621925099575	0.05728847695833622
CCGAG	5	11	23774.565129721734	0.00046267933566735857	0.051754268046780474
CGAGA	5	25	69914.89098963396	0.0003575776153853499	0.15219601237691718
TAGGT	5	157	6514.15255825445	0.02410136983989674	0.014180499023136813
GATCG	5	6	683.3982880929566	0.008779653248390744	0.0014876729812591844
CTAGA	5	569	23549.68456096857	0.02416168244321476	0.051264731049142025
TGTTC	5	372	20782.587149197916	0.017899600147441557	0.04524110452310735
CTCGT	5	18	2248.0107337249347	0.008007079205611334	0.0048936394609292964
TACCC	5	94	12842.753867713005	0.007319302461781058	0.02795707608117352
CGCCC	5	79	61083.86207429718	0.0012933039483310855	0.13297196200546219
ACTGT	5	265	19416.447517358498	0.013648222712372454	0.04226718864663324
GTTCG	5	14	463.8804863323679	0.030180187381214984	0.0010098100596297743
CGTGA	5	21	41346.15923996482	0.0005079069104852087	0.09000544053421573
AAACG	5	70	685.0573655972153	0.10218122381470318	0.0014912845864093643
GCGCA	5	33	21630.441154303084	0.0015256276912981545	0.04708677712343991
CGCAC	5	36	17444.94869830935	0.002063634615531365	0.03797548119464608
CTGGT	5	166	21164.591668064666	0.00784328857383429	0.0460726807961806
GAACG	5	21	561.6639411810214	0.037388905465148614	0.0012226724655314
ACCTA	5	174	14755.863923689138	0.011791922241886464	0.03212167846610635
ACTAG	5	447	44433.07649712785	0.010060073153586249	0.09672527504196547
CTAAT	5	245	54054.93255194632	0.004532426338050781	0.11767085762787254
CCTTG	5	183	13319.385901595666	0.013739372171661199	0.028994644672087812
GATTC	5	147	13920.013048960547	0.010560334928060787	0.03030213518605874
ATTCG	5	15	410.7042129270918	0.036522634849773986	0.0008940519335597832
TTCGC	5	13	941.9624688014304	0.013800974487382102	0.002050535008079322
TTGGC	5	169	9732.291211642434	0.01736487290863539	0.02118598617170853
CGTAG	5	7	11814.933401464827	0.0005924705423334958	0.025719638903082948
CGTTG	5	14	11336.760864766764	0.0012349206415308849	0.02467871682935204
TAGCC	5	111	8078.5202443427615	0.013740140105204445	0.01758593269175609
GTCTA	5	138	33309.22444003046	0.004142996491811257	0.07251003417701146
ACTCG	5	11	981.8746879538209	0.011203058939143716	0.0021374189395869615
TTAGC	5	169	7904.454079613497	0.0213803506602525	0.017207012324627638
TAAGG	5	154	7023.384010057692	0.021926752086952314	0.015289032487815357
GGGTA	5	122	13050.254991559583	0.009348476338501052	0.028408780191215836
GCTAA	5	139	36367.65604386669	0.0038220775029421225	0.07916785896430076
TAAGC	5	143	3856.570960433161	0.03707957184429418	0.008395274787935671
AACGA	5	34	1726.379911171848	0.019694390429347133	0.003758114110010249
CTTAA	5	308	14728.174927303602	0.020912299149096803	0.03206140296861294
CACCG	5	19	1277.152671625013	0.014876843170069038	0.0027802023441139746
ACCGG	5	11	1624.557592611905	0.006771074198923657	0.003536459600699876
CGGAA	5	7	36951.228184991276	0.00018943889943131136	0.08043822285325525
GATCC	5	58	13875.056152190331	0.004180163263039772	0.030204269619504655
GTAGG	5	107	6514.968373200849	0.016423717487277712	0.014182274950695618
GTTGA	5	182	13739.074476586387	0.01324688939638238	0.029908254443190924
CTCGC	5	36	1860.4226761861528	0.019350441413560723	0.004049908519389763
TCGCA	5	9	22928.7883207684	0.0003925196514570286	0.04991311724383269
CGTTT	5	26	48974.80693579242	0.0005308851964253142	0.10661205670280081
CCGTT	5	9	7653.109615123079	0.0011759925641487445	0.01665986672106623
GCAAC	5	120	11968.103606674562	0.010026651167447824	0.026053071368154407
TAGTC	5	93	44517.43424902795	0.0020890691830927044	0.09690891136422164
CCTCG	5	45	3238.117735977713	0.013896962269166152	0.007048979123715563
CTCGA	5	13	1782.9050646783965	0.007291470677573605	0.003881162331081856
TCGAC	5	5	17980.83729937502	0.000278073813624563	0.03914204395410933
CGCGC	5	30	19638.163679564645	0.0015276377409573086	0.04274983712522834
TTCCG	5	14	1060.0565771366053	0.013206842259133378	0.0023076111776822485
CGCTA	5	6	11086.103543147634	0.0005412181093788019	0.02413306705026326
TTCGA	5	21	902.7140326013708	0.023263181075721	0.0019650960494093503
TCGAT	5	8	20460.952788943985	0.0003909886349145371	0.044540946568469235
CTAGC	5	103	6367.373950587969	0.016176213427906	0.01386098027008052
CGTCA	5	5	35206.369571061594	0.0001420197555419013	0.07663988290817851
GCACG	5	33	3336.2522439789423	0.009891338420095878	0.007262605728619692
ACGAG	5	33	47796.1387283237	0.0006904323419842365	0.10404624277456646
CGAAT	5	4	21788.66725645272	0.00018358167357920428	0.04743121564662502
CAACG	5	12	593.1616947706939	0.020230571369985368	0.0012912391532187149
ATGGC	5	137	12350.407151846872	0.011092751705721144	0.026885298584262217
AATCG	5	15	419.43443670845363	0.03576244267808275	0.0009130565437061167
CCGCA	5	20	45714.395146855	0.0004374989526986213	0.09951454620168969
TGTCG	5	13	1115.9752890069622	0.0116490034573865	0.002429339250821688
TCGGT	5	9	6605.960841189268	0.0013624058961844731	0.014380354223768144
CGGTT	5	6	7534.513560748269	0.0007963354172268723	0.01640169787743379
AGCGC	5	15	2813.407657915402	0.005331612700277595	0.006124438165667631
CGCTT	5	9	17825.95058358398	0.0005048819112226279	0.03880487485923013
TCGAA	5	17	29761.385874827618	0.0005712099588204566	0.06478683137231889
ACCGC	5	11	2801.989242303102	0.0039257823812908444	0.00609958169661997
ATCGA	5	11	1029.2948044452776	0.010686928518917647	0.002240646628771497
GCTCG	5	14	1675.9942938377415	0.008353250396779326	0.003648430894734446
TCGAG	5	8	39061.81896071124	0.00020480357066951946	0.08503271617616853
CTGCG	5	26	2557.904879643349	0.010164568748008019	0.005568240430767412
GCCCG	5	44	6229.061116221926	0.007063664841144961	0.013559890451401093
CGTCC	5	6	22301.140853694964	0.0002690445318184648	0.04854680685823526
GCCTA	5	92	14641.38634419283	0.006283557979910126	0.031872475029481054
CCGTG	5	23	18312.79800761594	0.0012559522575651598	0.03986468108255134
CGTGC	5	15	33145.74208141424	0.0004525468147056791	0.07215415343797045
GCGAT	5	10	9551.677012848259	0.0010469365731848646	0.020792811549735637
GCGGA	5	26	58592.68111035884	0.00044374142823451295	0.1275489712311947
ATGCG	5	15	1288.243741631778	0.0116437592632897	0.002804346222537144
CGTAC	5	8	10041.389314710725	0.0007967025029375097	0.021858854255379548
AACCG	5	9	774.4429083789245	0.011621256909484698	0.0016858657833898401
TCGCG	5	11	20816.926238592365	0.0005284161491434394	0.04531585644505863
CTACG	5	8	474.57589922559606	0.016857156069354236	0.001033092641781198
TACGC	5	5	1212.9036654135339	0.004122338931423109	0.002640340257423219
TGCCG	5	15	5090.00773597157	0.0029469503344746553	0.01108031306946316
ATCGG	5	9	1006.9188304355976	0.008938158397640216	0.002191936919450377
TCGCC	5	13	51891.46830489691	0.000250522878320119	0.11296126534130557
TCCGA	5	8	788.61082685109	0.01014442070487907	0.0017167075778147872
TCGGA	5	13	24137.164612037708	0.0005385885297197098	0.052543601971460525
AGCGA	5	27	1334.193322310397	0.02023694733627104	0.0029043727383578455
TGGCG	5	33	7996.991599913351	0.0041265517898452665	0.017408454984203178
CGGCC	5	48	23472.99094807051	0.002044903442692531	0.05109777860320895
CGCAG	5	21	27732.200861433157	0.0007572424599449823	0.06036954825791872
CGTCG	5	9	1924.4639315371287	0.004676627008962138	0.00418931835832487
GTCGT	5	9	2609.763731799927	0.0034485880427929747	0.005681130694814959
GTCGC	5	11	2159.8044676964914	0.005093053637272958	0.004701625402605484
CGCCA	5	30	78821.67586894888	0.00038060596491095724	0.17158497404935602
ACGAT	5	11	25036.072667217173	0.00043936603580815056	0.05450041288191577
CGATC	5	8	13585.009900298714	0.0005888843702516619	0.029572875043643553
TGCGC	5	29	2272.205069290299	0.012762932532783173	0.004946307516947627
GCGCC	5	40	48953.10366500172	0.0008171085591167	0.10656481138462716
CGAGG	5	35	59545.76718336092	0.0005877831734407508	0.12962372094058636
TGCGA	5	7	1077.5405483232348	0.006496275254692483	0.0023456716059751634
CGATG	5	8	22759.302300500443	0.0003515046241037051	0.04954416728090933
AACGC	5	13	1771.8109614658442	0.007337125846227363	0.003857011849747361
TTCGG	5	14	883.0898145013409	0.015853427103454314	0.001922376570074364
TACGG	5	5	730.8522086466165	0.006841328439383033	0.0015909742576780935
TCGTA	5	6	21354.815923056372	0.0002809670671767261	0.046486775313919315
CGCCG	5	32	10807.144828529503	0.002961004086437708	0.02352580866250485
CCGAA	5	11	18113.954384549892	0.0006072666280634081	0.0394318232737375
TGCGG	5	15	5481.401919731237	0.0027365262061891417	0.011932329473873658
CGAGT	5	2	21229.093709884466	9.421033357956215e-05	0.04621309370988447
TTGCG	5	10	1563.7214738322602	0.006395000751311992	0.0034040269449996303
ACGTC	5	10	24370.72689948556	0.00041032834355921857	0.05305203798971112
ACCGT	5	7	521.6469334074924	0.013419037957866886	0.0011355604222430793
CGTGG	5	23	53044.65644516984	0.00043359692646467013	0.11547161233585236
CGATT	5	5	24994.065833882916	0.0002000474846001969	0.05440896923614074
CGCAT	5	11	23951.945548478026	0.0004592528810545401	0.0521404031322583
TCGTT	5	25	24913.951910232434	0.0010034538113454503	0.054234571199572534
GCGTT	5	5	9023.622474432526	0.0005541011954087139	0.019643302569219256
GTCGA	5	8	2069.8126148758047	0.003865084183226908	0.004505724344163589
AGTCG	5	6	1489.950290085153	0.004026979987135739	0.0032434362634479815
CGGAT	5	9	13669.418785838945	0.0006584039995412018	0.029756622677467478
CGTTA	5	7	14156.164001569627	0.0004944842401673112	0.030816206406043066
TAGCG	5	5	876.3140604032827	0.005705716963732138	0.0019076265970718472
CGACG	5	4	1864.7304169675606	0.0021450821864668415	0.0040592859347014865
CGTTC	5	3	10153.794513660665	0.00029545604807777764	0.022103546377593562
CGCAA	5	6	24974.473624933104	0.0002402453036691808	0.054366319436740224
ACGGT	5	6	5109.823845327604	0.0011742087754133379	0.011123450272169528
CCGAT	5	7	12453.34363937805	0.0005620980358934025	0.027109378500694534
ACCGA	5	5	819.7308953546309	0.006099562708121312	0.0017844520920962676
GCGTA	5	6	7734.533549513595	0.0007757416735721994	0.01683711648790222
CGGTC	5	3	4861.3991844132315	0.0006171062869345708	0.01058266071743989
CGACT	5	4	22292.004530112205	0.00017943653270825288	0.048526918219385956
CGCGT	5	2	9110.48830495267	0.00021952720129312433	0.019832398666343048
CGATA	5	1	26287.87630057803	3.8040349420619095e-05	0.05722543352601155
CGGTA	5	1	5320.021748980517	0.0001879691563651279	0.011581024936066293
