kmer,k,observed,expected,oe_ratio,expected_prob,length,has_CG
AACA,4,5479,370737.932353946,0.0147786334276935,0.6071062521352921,4,False
ACAT,4,3375,146749.23886729594,0.0229984157059375,0.2403109383675735,4,False
CATC,4,1314,102098.39747634067,0.0128699375551363,0.167192429022082,4,False
ATCA,4,2036,241850.6449549288,0.0084184187326828,0.3960453620238441,4,False
TCAG,4,1579,116565.81655813954,0.0135459952722283,0.1908837209302325,4,False
GAAA,4,6176,311070.8830072881,0.0198539957847977,0.5093977752205601,4,False
AAAA,4,37040,338277.6829735144,0.1094958428070469,0.5539505898063655,4,False
AAAG,4,8816,77580.01584687292,0.1136375122351222,0.1270420654351213,4,False
AAGG,4,2423,124438.64266834488,0.0194714435005354,0.2037759597230962,4,False
CCTC,4,2993,258975.2973303444,0.0115570868374452,0.4240880374974526,4,False
GACG,4,69,14787.680792515135,0.0046660460803917,0.0242157402311502,4,True
ACGG,4,61,107899.27819548872,0.0005653420580764,0.1766917293233082,4,True
CGGA,4,107,140467.50605326876,0.0007617420071473,0.2300242130750605,4,True
GGAG,4,2977,256708.0122164049,0.0115968332047633,0.4203752181500872,4,False
GAGA,4,3422,255217.90867412437,0.0134081499914231,0.4179350816064551,4,False
AGAG,4,3685,161199.5114701131,0.0228598707675563,0.2639741518578352,4,False
GAGT,4,973,77494.8630111865,0.012555670946338,0.1269026224096827,4,False
AGTC,4,807,102644.26121521862,0.0078621053963058,0.1680863145939806,4,False
GTCA,4,853,215569.24404086263,0.003956965214566,0.3530079455164586,4,False
TCAC,4,1465,106908.80446511628,0.0137032680079966,0.1750697674418604,4,False
CACG,4,231,23923.856186461693,0.0096556340332258,0.0391767914703694,4,True
ACGA,4,132,174475.42857142855,0.0007565535220677,0.2857142857142857,4,True
CGAA,4,86,169432.7861271676,0.000507575906445,0.2774566473988439,4,True
GAAG,4,2591,138435.91254315304,0.0187162417063732,0.2266973532796317,4,False
GAGG,4,2912,217366.37153860263,0.0133967364840648,0.3559508527416101,4,False
AGGG,4,1936,172151.08895573698,0.0112459352522468,0.2819080360979802,4,False
GGGC,4,936,66872.27999278369,0.0139968309754206,0.1095074869204402,4,False
GGCC,4,683,131500.7756074321,0.0051938857154649,0.2153406383992377,4,False
GCCG,4,172,30987.9139547711,0.0055505511036026,0.0507446221731936,4,True
CCGT,4,71,55228.01033591732,0.0012855795377771,0.0904392764857881,4,True
AAAC,4,7874,69234.86347651902,0.1137288297343211,0.1133763632316937,4,False
ACAA,4,5866,257353.6790671849,0.0227935346456369,0.4214325374791782,4,False
AAGA,4,6556,321665.05223410955,0.0203814494439654,0.5267463813719321,4,False
AGTG,4,1279,139055.2322544009,0.0091977840694269,0.2277115275411698,4,False
GTGA,4,1146,124692.36590201076,0.009190618781751,0.2041914471821014,4,False
GCGG,4,338,338614.63507109,0.0009981848537912,0.5545023696682464,4,True
CGGG,4,264,286849.4334140436,0.000920343459835,0.4697336561743341,4,True
CCCT,4,2394,193687.5643327349,0.0123601120611303,0.3171753441053261,4,False
CAAA,4,7284,392598.882974455,0.0185532876324407,0.6429049083857162,4,False
AAAT,4,13993,125571.4377030937,0.1114345766517831,0.2056309815268195,4,False
AATA,4,8987,261941.43083521115,0.034309196415949,0.4289452642291197,4,False
ATAG,4,2132,65749.26103795508,0.0324262199505065,0.1076684740511231,4,False
TAGC,4,622,43720.86202554416,0.0142266179389736,0.0715956107213527,4,False
TAAA,4,11091,369136.44509900175,0.0300458005359655,0.6044837178857797,4,False
TACA,4,3944,274173.4731638418,0.0143850532091524,0.448975988700565,4,False
AGAA,4,6839,297472.6194938072,0.0229903512183324,0.4871297792137857,4,False
CTGG,4,1318,135667.89099403063,0.0097149000426194,0.222164547106151,4,False
TGGA,4,1633,180626.03580280917,0.0090407786050442,0.2957862847700358,4,False
AGGC,4,1217,103658.04899011605,0.0117405258140257,0.1697464546626557,4,False
GCCA,4,891,226009.67677881964,0.0039423090758718,0.3701047986762272,4,False
CCAC,4,1876,184537.09393099972,0.0101659777990296,0.3021908839083354,4,False
GACA,4,1382,302475.2889378096,0.0045689682778818,0.4953219592735278,4,False
CAGA,4,2106,222129.4137757667,0.009480959609095,0.3637506284565108,4,False
GTCT,4,1028,246760.93530079452,0.0041659754561511,0.4040862656072644,4,False
TAAC,4,1400,45217.715594829,0.0309613164128994,0.0740468008509245,4,False
AACC,4,1254,81992.12572599931,0.0152941515895149,0.134267167748548,4,False
ACCC,4,1017,188128.3264573991,0.0054058844787007,0.3080717488789237,4,False
CTTC,4,2552,151126.58484586573,0.0168865061206986,0.2474791126476519,4,False
GGCG,4,391,68077.83515959981,0.0057434258754461,0.1114816579323487,4,True
GGGA,4,2757,206565.9390221901,0.0133468277154048,0.3382644777196464,4,False
TTTT,4,31658,309599.2418040553,0.1022547723809875,0.5069878718969111,4,False
TTTG,4,7689,74148.75080538185,0.1036969593753684,0.1214231570968353,4,False
TTGT,4,5084,294886.43157894735,0.0172405355267724,0.4828947368421052,4,False
TGTA,4,2735,138942.9896934116,0.0196843324448033,0.2275277234181343,4,False
ATAC,4,2554,80791.17831138651,0.0316123623071362,0.1323005422153369,4,False
CCTA,4,841,66579.42531078051,0.0126315298769006,0.1090279192989606,4,False
CTAA,4,3572,291580.54860403505,0.0122504742415131,0.4774811493784389,4,False
TACT,4,3811,275575.0677966102,0.0138292626777569,0.451271186440678,4,False
ACTA,4,3870,305094.7567987568,0.0126845837686836,0.4996114996114996,4,False
ATTT,4,13635,372381.1181292837,0.0366157126024477,0.6097970702862519,4,False
TTTA,4,14860,143813.28140989196,0.1033284259584238,0.2355031267765776,4,False
TTAG,4,4758,146764.62521008405,0.0324192562968714,0.2403361344537815,4,False
TAGT,4,4685,352073.77585896745,0.0133068700972397,0.5765425436229538,4,False
GGGG,4,3333,242921.54429009563,0.0137204792178488,0.3977990257983042,4,False
ATGG,4,1523,105138.1599858732,0.0144857014827407,0.1721702277944552,4,False
TGGG,4,1909,208039.48443954837,0.0091761427170557,0.3406774993114844,4,False
GGGT,4,1287,94304.23669493054,0.0136473189869865,0.1544290095616092,4,False
AGGT,4,1068,99459.24194241512,0.0107380669623276,0.1628706489041684,4,False
GGTC,4,479,102653.53149071138,0.0046661814069527,0.1681014952424105,4,False
CAGG,4,1425,151668.18300653595,0.0093955104607443,0.2483660130718954,4,False
CTCC,4,3102,226171.85185185185,0.013715234564343,0.3703703703703703,4,False
AGGA,4,2725,235395.62011173184,0.0115762561712344,0.3854748603351955,4,False
GGAA,4,2463,213545.89703315884,0.0115338202897785,0.3496945898778359,4,False
GGAC,4,627,61412.76265270506,0.0102096042079354,0.100567190226876,4,False
CATT,4,2700,206009.86305437,0.0131061686075069,0.3373538689923919,4,False
TCTT,4,5998,248420.72482107667,0.0241445233859615,0.4068042734156208,4,False
CTTT,4,5442,319406.6528377989,0.01703784173451,0.5230481129357534,4,False
TCTG,4,2283,97417.40815268124,0.023435236507441,0.1595270200186702,4,False
CTGC,4,1445,158015.05528159876,0.0091446982531181,0.2587594082533091,4,False
TGCT,4,1494,203103.75443037972,0.0073558462973273,0.3325949367088607,4,False
TTAT,4,8190,240428.0330288637,0.0340642474041984,0.3937157471684326,4,False
TATT,4,8465,260569.21613173743,0.0324865696940973,0.4266981779370283,4,False
GCCT,4,839,178517.33039161612,0.0046998238107161,0.2923331494760066,4,False
CCTG,4,1525,128927.63480741796,0.0118283407764202,0.2111269614835948,4,False
CTGT,4,1671,169267.8826888139,0.0098719259286299,0.2771866078380482,4,False
GTGG,4,1537,159972.8688756726,0.0096078792035324,0.2619654488813367,4,False
ACAG,4,1994,89582.13703498057,0.0222589018971647,0.1466962798445308,4,False
GGTG,4,1298,236573.5024920707,0.005486666876581,0.3874037154508382,4,False
GTTT,4,3777,353422.5013979497,0.0106869256627979,0.5787511649580616,4,False
TTGC,4,1568,96599.18830409358,0.0162320204499436,0.158187134502924,4,False
TGCA,4,2117,261078.18481012655,0.0081086820851754,0.4275316455696202,4,False
GCGA,4,84,66565.27014218009,0.0012619193134885,0.1090047393364928,4,True
CGAG,4,106,222380.5317919075,0.0004766604304156,0.3641618497109826,4,True
GGCA,4,1264,239727.0776560267,0.005272662614332,0.3925678894711767,4,False
GCAA,4,1217,162066.2443200527,0.0075092750196434,0.2653934804082977,4,False
GTGC,4,919,99961.42509204191,0.0091935464020626,0.1636930048145001,4,False
TGCC,4,996,133341.18987341772,0.0074695598632764,0.2183544303797468,4,False
ACAC,4,2687,116978.94503053858,0.0229699455683972,0.1915602443087173,4,False
CACA,4,3296,315704.0515745103,0.0104401574308655,0.5169848747830399,4,False
CAGT,4,1092,106843.17345399698,0.01022058747132,0.1749622926093514,4,False
CATA,4,2140,160116.5767303767,0.0133652620090897,0.2622007793653739,4,False
TAGG,4,778,53168.083468249686,0.014632838899762,0.0870660190681777,4,False
GCAC,4,911,113205.08133026012,0.0080473419505108,0.1853803095159697,4,False
CATG,4,1848,142439.1627389126,0.0129739600013469,0.2332529226201521,4,False
ATGC,4,1105,79581.49955853788,0.0138851366979732,0.1303196185767261,4,False
TTTC,4,8686,83102.72598067083,0.1045212403985437,0.1360858442296759,4,False
TTCT,4,7678,321456.20197769825,0.023885057910728,0.526404376183463,4,False
ATAA,4,7563,233717.3372579396,0.0323596019393853,0.3827265685515104,4,False
GTAT,4,1749,247251.9467817332,0.00707375623434,0.4048903272204243,4,False
ATTC,4,2424,64874.33033194463,0.0373645475428731,0.1062357210052412,4,False
TGTG,4,3152,164596.45453359425,0.0191498657059874,0.2695368558382257,4,False
GTGT,4,1862,226037.34013027477,0.0082375770256668,0.3701500991220617,4,False
TATA,4,6885,204656.47205915983,0.0336417408681302,0.335137607684684,4,False
ATAT,4,7535,230406.2233927188,0.0327031097035815,0.3773044151820294,4,False
TCCT,4,2620,234860.636755824,0.011155551803787,0.3845987920621225,4,False
CACC,4,1364,135215.21249690058,0.0100876223526348,0.2214232581205058,4,False
AGAC,4,1468,61296.59106085084,0.0239491295452739,0.1003769520732364,4,False
AACT,4,2207,149901.6344379911,0.0147229882334135,0.245473180731124,4,False
ACTG,4,1202,93117.95648795649,0.0129083588744289,0.1524864024864025,4,False
ACCA,4,1320,234955.0278026906,0.0056180964176195,0.3847533632286996,4,False
CCCA,4,2265,173587.91143028127,0.0130481436255409,0.28426092160383,4,False
TCCC,4,2550,213126.4779982744,0.0119647264101114,0.3490077653149266,4,False
CCCG,4,326,28870.4105326152,0.0112918380440664,0.047277079593058,4,True
CCGG,4,127,171995.80361757107,0.0007383901079492,0.2816537467700258,4,True
AGTA,4,1514,166970.3100511073,0.0090674803175282,0.2734241908006814,4,False
GCCC,4,743,175149.07887479317,0.0042421005281514,0.2868174296745725,4,False
CCCC,4,2737,214518.11370436865,0.0127588293255827,0.3512866546977857,4,False
CCAT,4,1438,146706.9896751448,0.0098018506356389,0.2402417527071266,4,False
ATCT,4,2044,243981.48764175636,0.0083776847979599,0.3995347484733934,4,False
CCGC,4,265,296653.3126614987,0.000893298637465,0.4857881136950904,4,True
CGCG,4,109,113573.628032345,0.0009597298412353,0.1859838274932614,4,True
CGGT,4,45,38443.73849878935,0.0011705417255769,0.0629539951573849,4,True
AACG,4,127,8032.307482063547,0.015811147703645,0.0131533993850358,4,True
GCAG,4,1443,179961.8966084952,0.0080183640381342,0.294698715837998,4,False
GTCC,4,560,136550.29284903518,0.0041010530868587,0.2236095346197502,4,False
TCCG,4,81,7376.44176013805,0.0109809041586582,0.0120793787748058,4,True
GACC,4,496,116621.02806824436,0.0042530923300534,0.1909741331865712,4,False
ACCG,4,47,7667.530044843049,0.0061297444842241,0.0125560538116591,4,True
TGAG,4,1639,137837.31434223542,0.011890829474017,0.2257171117705242,4,False
ATGA,4,2722,202404.43722408617,0.0134483217726418,0.3314497616104538,4,False
CCAG,4,1332,142401.12415008814,0.0093538587419864,0.2331906320825988,4,False
CACT,4,1391,135820.87974212746,0.0102414297613222,0.2224150756260848,4,False
ACTC,4,1053,78527.49961149962,0.0134093152743882,0.1285936285936286,4,False
CTCA,4,1807,128642.13622402892,0.0140467194734167,0.2106594399277326,4,False
CTGA,4,1406,147713.1710355567,0.0095184470697034,0.2418894368024915,4,False
TGAA,4,3103,249701.77804154303,0.0124268238069324,0.4089020771513353,4,False
CAGC,4,1283,130023.22976370036,0.0098674675466197,0.2129210658622423,4,False
AGCA,4,1609,273807.2972522897,0.0058763956116094,0.448376353039134,4,False
CGGC,4,150,144903.32203389832,0.0010351729545918,0.2372881355932203,4,True
GCGC,4,169,140365.89573459714,0.0012039961638512,0.2298578199052132,4,True
CGCT,4,97,88883.70889487871,0.0010913135962262,0.1455525606469002,4,True
CTCT,4,3209,245699.86052393855,0.0130606504747581,0.4023486901535682,4,False
TCTC,4,3569,155247.11793382428,0.022989154629726,0.2542267399647339,4,False
TCCA,4,1734,155300.4434857636,0.0111654542709593,0.254314063848145,4,False
TATG,4,2831,85009.71746588396,0.0333020751555389,0.1392086605168865,4,False
ATGT,4,3124,223539.90323150277,0.013975133543673,0.3660603920183648,4,False
CAAG,4,1264,66481.27537782532,0.0190128723135417,0.1088671927243546,4,False
CAAT,4,1646,91636.3525478133,0.0179623037608482,0.1500601845660024,4,False
ATTA,4,4592,122649.82502351834,0.0374399229605054,0.2008466603951081,4,False
TTAA,4,5954,168629.83237120934,0.0353081060229799,0.2761417610522469,4,False
GGTT,4,868,159099.13910285456,0.0054557177675163,0.2605346624376982,4,False
CCAA,4,1376,137018.7922437673,0.0100424181053354,0.224376731301939,4,False
GTAG,4,748,99471.69795037757,0.0075197268711864,0.162891046386192,4,False
AGCC,4,908,149996.5695253955,0.0060534717752079,0.2456286427976686,4,False
TGCG,4,114,13140.870886075949,0.0086752241147726,0.0215189873417721,4,True
ACGC,4,100,179066.8872180451,0.0005584505407648,0.2932330827067669,4,True
CGCA,4,114,125095.59029649595,0.0009113031061271,0.2048517520215633,4,True
AATT,4,6143,180131.89736134332,0.0341027885121155,0.2949771025659664,4,False
GCAT,4,1081,155430.77774119197,0.0069548645108112,0.2545274942377346,4,False
TTCC,4,2668,116659.56490637492,0.0228699635742787,0.1910372396381233,4,False
CTTG,4,1205,69229.69864592337,0.0174058247192869,0.1133679055027369,4,False
TTGA,4,2279,136328.05964912282,0.016717028070858,0.2232456140350877,4,False
GAAC,4,1073,56764.18974555684,0.0189027625481783,0.0929548651067638,4,False
ATCC,4,1046,118972.05001453913,0.008791980972608,0.1948240767665019,4,False
CCTT,4,1862,156181.6425514571,0.0119220157348936,0.2557570817199918,4,False
TGAT,4,1882,151125.74955489617,0.0124532053971144,0.2474777448071216,4,False
GATT,4,1300,174182.68456375838,0.0074634284300753,0.285234899328859,4,False
ATTG,4,1831,50758.72651525333,0.0360726150103425,0.0831205483133987,4,False
GCTG,4,1107,212567.44983513892,0.0052077587648464,0.3480923221855864,4,False
TCAT,4,2853,223929.0686511628,0.0127406415664792,0.3666976744186046,4,False
AATC,4,2025,58105.63175110853,0.034850322403755,0.0951515592062222,4,False
GATG,4,1234,158608.7033557047,0.0077801531308944,0.259731543624161,4,False
TGTC,4,1467,76880.72537508153,0.019081505706962,0.1258969341161122,4,False
GTAC,4,590,84539.96404171162,0.0069789478465935,0.1384394102840704,4,False
CAAC,4,1154,59947.48909990638,0.0192501807386258,0.0981677143239267,4,False
TGGT,4,1124,126640.04186174608,0.0088755498140712,0.2073808868080418,4,False
TAGA,4,2226,161701.2786472387,0.0137661249102188,0.2647958265875157,4,False
AAGT,4,1926,96230.50069225927,0.0200144443408775,0.1575833857772183,4,False
AGTT,4,1824,201994.19647927312,0.0090299624038315,0.330777967064168,4,False
GTTA,4,1045,102156.74557315937,0.0102293783355855,0.1672879776328052,4,False
TAAT,4,4642,150492.55179185077,0.0308453803509189,0.2464408443789887,4,False
GAGC,4,822,60584.85677608656,0.0135677468552579,0.0992114432422519,4,False
AGCT,4,1020,170589.3189009159,0.0059792723634265,0.2793505412156536,4,False
TGTT,4,4364,230243.83039791256,0.0189538194897906,0.3770384866275277,4,False
GCTT,4,853,162805.38106453134,0.005239384561017,0.2666038624587847,4,False
GCTA,4,603,101249.9896373057,0.0059555561650924,0.1658031088082901,4,False
TTAC,4,1917,54841.50938984289,0.0349552742316579,0.0898063573255389,4,False
GCTC,4,671,134041.17946302402,0.0050059243188403,0.2195007065473386,4,False
TAAG,4,1430,45817.28751431844,0.0312109266519347,0.0750286368843069,4,False
GATC,4,684,94673.4120805369,0.0072248373114315,0.1550335570469798,4,False
TCTA,4,2709,109578.7490924178,0.0247219467500514,0.179441966600975,4,False
CTAT,4,1675,130794.34766659874,0.0128063638061,0.214183819034033,4,False
TATC,4,1814,60428.59434321872,0.0300189011463174,0.0989555538614012,4,False
ACCT,4,933,179913.11569506727,0.0051858364877707,0.2946188340807175,4,False
GGTA,4,579,112337.8269143634,0.0051540964953984,0.183960126869053,4,False
TACC,4,680,55416.89548022599,0.0122706260267257,0.0907485875706214,4,False
GGCT,4,953,171358.3115769414,0.0055614460205047,0.2806098141972368,4,False
AGCG,4,93,16270.814321398835,0.0057157557183655,0.0266444629475437,4,True
GTTC,4,750,73273.9888164026,0.0102355557833656,0.1199906803355079,4,False
GACT,4,770,176780.00220143094,0.0043556962914992,0.2894881673087507,4,False
TGGC,4,892,95358.43789589644,0.009354180077633,0.1561553291104379,4,False
ACGT,4,116,149222.4060150376,0.0007773631527447,0.244360902255639,4,True
AAGC,4,1291,68329.80440528634,0.0188936586491987,0.1118942731277533,4,False
GAAT,4,2036,104393.01470400204,0.0195032206491297,0.1709500063930443,4,False
AATG,4,3785,110485.040052337,0.0342580316593725,0.1809260739986915,4,False
CGCC,4,233,283111.0727762803,0.0008229985415799,0.4636118598382749,4,True
AGAT,4,2141,90695.27797522888,0.0236065211750578,0.1485191168551427,4,False
TTGG,4,1401,82850.32046783625,0.0169100130462849,0.135672514619883,4,False
CTTA,4,1300,70901.06367041198,0.0183354089868542,0.1161048689138576,4,False
TACG,4,94,5498.563559322034,0.017095373907361,0.0090042372881355,4,True
CGTG,4,105,269174.2631578947,0.0003900818702656,0.4407894736842105,4,True
TTCA,4,3863,167409.04523458867,0.0230752167219328,0.2741426467494214,4,False
TCAA,4,2008,163260.31032558138,0.0122993763517633,0.2673488372093023,4,False
GATA,4,1369,183199.2,0.0074727400556334,0.3,4,False
TGAC,4,929,71999.15806132542,0.0129029286593701,0.1179030662710187,4,False
ACTT,4,1672,133923.7871017871,0.0124847126577238,0.2193084693084693,4,False
CTAG,4,1539,118225.14774811492,0.0130175350110699,0.1936009781944161,4,False
CGTC,4,52,132578.36842105264,0.000392220847332,0.2171052631578947,4,True
CTCG,4,136,10150.15140018067,0.0133988149179311,0.0166214995483288,4,True
TCGG,4,82,139491.7766497462,0.000587848272991,0.2284263959390862,4,True
GTTG,4,1005,81810.76421248836,0.0122844470366967,0.1339701770736253,4,False
CTAC,4,834,70063.95598125127,0.0119034100818282,0.1147340533931118,4,False
GTAA,4,1221,179400.39122617763,0.0068060052247078,0.2937792161093132,4,False
CGTT,4,67,112490.73684210524,0.0005956045971504,0.1842105263157894,4,True
GGAT,4,1002,78997.32809773125,0.0126839732954053,0.1293630017452007,4,False
CGAC,4,49,102365.64161849712,0.0004786762357492,0.1676300578034682,4,True
GCGT,4,64,65118.1990521327,0.0009828281637328,0.1066350710900474,4,True
CGTA,4,45,96420.63157894736,0.000466705094782,0.1578947368421052,4,True
CCGA,4,70,86786.87338501292,0.0008065735896425,0.1421188630490956,4,True
ATCG,4,59,5859.817388775807,0.0100685731458136,0.0095958127362605,4,True
TCGT,4,91,179789.40101522842,0.0005061477455631,0.2944162436548223,4,True
TTCG,4,132,5139.187881338103,0.0256849920742011,0.0084157374289922,4,True
TCGC,4,74,148791.22842639594,0.0004973411455945,0.2436548223350254,4,True
GTCG,4,53,11783.527809307603,0.004497804126039,0.0192962542565266,4,True
TCGA,4,54,142591.59390862944,0.0003787039510519,0.233502538071066,4,True
CGAT,4,39,116485.04046242774,0.0003348069404034,0.1907514450867052,4,True
AACAT,5,775,67020.03582916297,0.0115637061426751,0.1458942731394527,5,False
ACATC,5,256,18456.806438764303,0.0138702218528082,0.0401781695062504,5,False
CATCA,5,359,30417.810514574423,0.0118022958893766,0.0662157860796963,5,False
ATCAG,5,251,34728.03695438777,0.0072275896368593,0.0755986123602723,5,False
GAAAA,5,2184,129626.70566359416,0.0168483800372732,0.2821811980294796,5,False
AAAAA,5,16016,140964.08258931458,0.1136175946794978,0.3068612559468202,5,False
AAAAG,5,3858,32328.45768893116,0.1193375829160241,0.0703750270780043,5,False
AAAGG,5,871,11892.328689878685,0.0732404916407406,0.0258881188092462,5,False
GACGG,5,24,1965.533189054088,0.0122104272436885,0.0042787210182859,5,True
ACGGA,5,9,18670.51020408163,0.0004820436025381,0.0406433759944655,5,True
CGGAG,5,32,44419.848229867865,0.0007203986793111,0.0966964787512307,5,True
GGAGA,5,687,80707.21184833812,0.0085122504453627,0.1756895511028881,5,False
GAGAG,5,1026,50680.00414065622,0.0202446708005875,0.1103240586986991,5,False
AGAGT,5,272,15388.57519321374,0.0176754505589283,0.0334990121191311,5,False
AGTCA,5,214,27257.32589508721,0.0078511003178991,0.0593358045842542,5,False
GTCAC,5,108,28389.78126843175,0.0038041857025538,0.0618010189266953,5,False
TCACG,5,49,3150.6954865153184,0.0155521218123793,0.0068586717718358,5,True
CACGA,5,46,5141.942687116999,0.0089460351464538,0.0111933689915341,5,True
ACGAA,5,45,36416.10569777043,0.0012357169757104,0.0792733278282411,5,True
CGAAG,5,8,28894.02172452556,0.0002768738833337,0.0628986876151579,5,True
GGAGG,5,1184,68737.47178482858,0.0172249570613583,0.1496329173719639,5,False
GAGGG,5,596,46096.07046408458,0.012929518590188,0.1003454058437886,5,False
AGGGC,5,168,14181.353393452184,0.0118465420992589,0.0308710405757665,5,False
GGGCC,5,143,10832.68762175265,0.0132007868216238,0.0235814121429437,5,False
GGCCG,5,54,5019.753954224519,0.010757499369975,0.0109273793341036,5,True
GCCGT,5,23,2108.208274719903,0.0109097380348038,0.0045893069148883,5,True
AAAAC,5,3446,28850.93964040212,0.1194415170857835,0.0628049032822974,5,False
AAACA,5,2867,31619.401004318224,0.0906721793878529,0.0688314989623231,5,False
AACAA,5,2281,117532.8262345996,0.019407344084852,0.2558543283568499,5,False
AAGGG,5,369,26389.235833917268,0.0139829740551159,0.0574460806095191,5,False
GACGA,5,16,3178.3089865555467,0.0050341235127487,0.0069187829231857,5,True
GAAGA,5,777,54854.772914477486,0.0141646744433961,0.1194120105066405,5,False
AAGAG,5,1026,63874.773772025175,0.0160626791988631,0.1390474292668396,5,False
GAGTG,5,282,13274.61775809033,0.0212435495423687,0.0288971899978891,5,False
AGTGA,5,334,21359.39635717779,0.0156371460323484,0.0464967463486784,5,False
GCGGG,5,152,119652.42247799592,0.0012703461981971,0.2604684254615976,5,True
ACAAA,5,3461,124463.2724780944,0.0278073999750339,0.270941046898811,5,False
CAAAT,5,642,60729.77904553712,0.0105714199868668,0.1322011673397648,5,False
AAATA,5,4303,40518.82444741767,0.1061975528333531,0.0882044357047148,5,False
AATAG,5,778,21215.67463329844,0.0366709997889444,0.0461838820510051,5,False
ATAGC,5,166,3541.125893920982,0.0468777459409084,0.0077085901551262,5,False
CAAAA,5,3687,163600.33235895372,0.0225366290326989,0.3561375531896749,5,False
TACAA,5,1792,86919.5740907829,0.0206167600191914,0.1892130901853019,5,False
AAAAT,5,5843,52327.018323061486,0.111663155808457,0.1139094034992435,5,False
AGAAA,5,2923,113990.36244764988,0.0256425186940026,0.248142825775185,5,False
CTGGA,5,296,30186.947478753584,0.0098055624938007,0.065713225996146,5,False
TGGAG,5,382,57119.12542734828,0.0066877774675643,0.1243412239860076,5,False
GAGGC,5,360,27756.018038587517,0.012970160182902,0.0604213952870373,5,False
AGGCC,5,200,16791.64018800366,0.0119106887570688,0.0365533099130635,5,False
GGCCA,5,169,36611.46634005056,0.0046160401888936,0.0796986036215601,5,False
GCCAC,5,156,51377.44299786247,0.003036351964937,0.1118422962506856,5,False
TAACC,5,148,4567.121220354766,0.032405533564643,0.0099420542310944,5,False
AACCC,5,162,19001.50993058289,0.0085256382567398,0.041363921185315,5,False
GGCGG,5,199,28397.050665065057,0.0070077700091867,0.0618168434980322,5,True
CGGGA,5,28,72991.86876626892,0.000383604372285,0.1588942098731511,5,True
GGGAG,5,1211,65322.06571209573,0.0185389115729657,0.1421980036138217,5,False
TTTTT,5,12385,118075.97805964816,0.1048900902920617,0.2570367022505587,5,False
TTTTG,5,3210,28279.094684565556,0.1135114131412412,0.0615600680155288,5,False
TTTGT,5,2625,26935.212344907894,0.0974560722368411,0.0586346034928139,5,False
TTGTA,5,655,50472.31262265252,0.0129774120892179,0.1098719401242833,5,False
AATAC,5,664,26069.33257098829,0.0254705408430342,0.0567496910382135,5,False
ATACA,5,1197,27286.70844952233,0.0438675116206973,0.0593997667467517,5,False
CCTAA,5,173,23914.448267840937,0.0072341204807406,0.0520587762212074,5,False
CTAAC,5,106,16241.604900236194,0.0065264486269123,0.0353559515780958,5,False
TAAAA,5,6010,153823.2728693952,0.0390708108590488,0.3348541120511722,5,False
TACTA,5,2630,103570.587995338,0.0253933095380165,0.2254602741890877,5,False
ACTAA,5,2621,109585.99813975846,0.0239172891107617,0.2385550730771843,5,False
CTAAA,5,2796,132588.92486513258,0.0210877341591241,0.2886295803966541,5,False
ATTTT,5,7302,142019.93673449822,0.0514153165245444,0.3091597189533979,5,False
TTTTA,5,8170,54847.98270658422,0.1489571648187387,0.1193972290695255,5,False
TTTAG,5,3883,26000.527580605863,0.1493431234409405,0.0565999111412615,5,False
TTAGT,5,3494,63652.70182201321,0.0548916212507362,0.1385640062824914,5,False
GGGGC,5,318,20011.237148472235,0.0158910714835178,0.0435619716145716,5,False
ATGGG,5,289,26944.362692829956,0.0107258057388347,0.0586545226609036,5,False
TGGGT,5,305,24167.890681367324,0.0126200504636983,0.0526104887985983,5,False
AGGTC,5,176,12577.108692913454,0.0139936772669514,0.0273787996118923,5,False
GGTCA,5,201,27259.787629598737,0.0073734983827149,0.059341163473768,5,False
GTCAG,5,138,30954.21422041549,0.0044581974854003,0.0673834701581184,5,False
TCAGG,5,197,21778.4751627907,0.0090456287011581,0.0474090287277701,5,False
AAGGA,5,843,36084.06180338992,0.0233621149579342,0.0785505096139309,5,False
AGGAA,5,944,61922.91382462195,0.0152447606498879,0.1347984731931323,5,False
GGAAA,5,756,81829.96553914787,0.0092386694167471,0.1781336460904358,5,False
GGACA,5,197,22882.860318631192,0.0086090636072975,0.0498131377018098,5,False
GACAT,5,210,54679.87743615804,0.0038405353092677,0.1190312848270865,5,False
ACATT,5,534,37241.369706629856,0.0143388925865671,0.0810698248194931,5,False
CATTT,5,984,94501.22534919284,0.0104125633965486,0.2057174009612926,5,False
ATTTA,5,1708,65970.29439865352,0.0258904407744292,0.1436091167516087,5,False
TCTTT,5,2599,97744.77631242805,0.0265896562256446,0.2127782075442407,5,False
TCTGC,5,351,18962.553230774574,0.0185101655736083,0.0412791173004449,5,False
CTGCT,5,339,39534.67688978176,0.0085747507421166,0.0860620690108316,5,False
TTTAT,5,3943,42593.74965165837,0.092572267815038,0.0927212895193423,5,False
TTATT,5,3404,77173.81767551189,0.044108223520995,0.1679977919418859,5,False
AGGGA,5,542,43805.66328290419,0.0123728294330272,0.0953594745956545,5,False
GGCCT,5,154,28918.14777977168,0.0053253756489799,0.062951207033423,5,False
GCCTG,5,176,28352.29206090425,0.0062076109974435,0.0617194095897988,5,False
CCTGT,5,192,26883.285986835017,0.0071419840600596,0.0585215662767919,5,False
GTGGG,5,588,40997.16982471263,0.0143424534550567,0.0892457340309043,5,False
TGGGG,5,574,62254.90531824176,0.0092201569830644,0.1355211773375109,5,False
GGGGA,5,1210,61813.95330047025,0.0195748683815502,0.1345612796990475,5,False
GGGAC,5,124,15627.1262549435,0.0079349202135468,0.0340183080778265,5,False
GACAG,5,274,33378.98248297818,0.0082087583148985,0.0726618887507307,5,False
ACAGG,5,254,16737.002356715406,0.0151759553226141,0.0364343701574651,5,False
CAGGT,5,198,18582.382848684527,0.0106552535060925,0.0404515337147608,5,False
AGGTG,5,254,28984.98094997575,0.008763159114659,0.0630966945233638,5,False
GGTGA,5,220,36338.56220591083,0.0060541745915366,0.0791045253016296,5,False
GTTTG,5,374,32281.95367162461,0.011585420256914,0.0702737936226791,5,False
TTTGC,5,630,8823.463444502071,0.0714005338110801,0.0192075812834467,5,False
TTGCA,5,497,31067.466340402694,0.0159974422939555,0.0676300059219779,5,False
AAGGC,5,181,15889.859991459332,0.0113909121979228,0.0345902467084757,5,False
AGGCG,5,46,8693.017265470922,0.0052916034324139,0.0189236161939311,5,True
GGCGA,5,30,5582.326199115354,0.0053741037212684,0.0121520290637157,5,True
GCGAG,5,30,18235.01975180122,0.0016451860435762,0.0396953675040407,5,True
GGGCA,5,258,19748.08539894731,0.0130645576413069,0.0429891230216497,5,False
GGCAA,5,201,47859.861118305394,0.0041997614557038,0.1041849584832955,5,False
GGTGC,5,101,29131.330034696894,0.0034670576276367,0.0634152782584493,5,False
GTGCC,5,90,16419.447522665436,0.0054813050119843,0.0357430928234193,5,False
GGTGG,5,550,46620.20810050973,0.0117974591364809,0.1014863882163764,5,False
ACACA,5,1498,45493.5293751591,0.0329277596303169,0.0990337489173507,5,False
CACAC,5,884,45493.5293751591,0.0194313347885181,0.0990337489173507,5,False
CACAG,5,455,34838.8129301943,0.013060146478345,0.0758397578665625,5,False
ACAGT,5,254,11790.43890715984,0.0215428791073889,0.0256663174388621,5,False
CACAT,5,869,57071.30293788074,0.0152265666852895,0.1242371203809548,5,False
ACATA,5,991,28945.024970004397,0.0342373171564705,0.0630097153300021,5,False
CATAG,5,182,12968.4761378825,0.0140340312975057,0.028230757809285,5,False
ATAGG,5,200,4306.293800647626,0.0464436495182752,0.0093742654147766,5,False
TAGGC,5,89,6789.156360186036,0.0131091398221326,0.0147791480584143,5,False
AGGCA,5,455,30611.30866131641,0.0148637879234148,0.0666370074521335,5,False
GGCAC,5,106,33430.64740645898,0.0031707432617508,0.0727743568561977,5,False
ACATG,5,809,25749.39588626718,0.0314182128222845,0.0560532287118277,5,False
CATGC,5,250,13963.789885197564,0.0179034489959645,0.0303974319077648,5,False
ATGCA,5,447,25594.371984478414,0.0174647770326648,0.0557157609801129,5,False
TGCAC,5,457,36408.1222165028,0.0125521441969027,0.079255948783568,5,False
GCACA,5,476,44025.86030820312,0.0108118273366553,0.0958388161023547,5,False
TCTGG,5,242,16280.787929331033,0.014864145460922,0.0354412481536417,5,False
CTGGG,5,307,34768.39295271712,0.0088298587863264,0.075686462343792,5,False
TTTCT,5,3519,32907.80036085046,0.1069351327470207,0.0716361839391225,5,False
TTCTT,5,2824,98371.97903485388,0.0287073618697803,0.2141435497761168,5,False
GGGAA,5,491,54339.00951556277,0.009035865842556,0.1182892578064121,5,False
GAAAC,5,466,26530.533113035824,0.0175646677740912,0.0577536671928229,5,False
AATAA,5,3430,75414.85493750185,0.0454817555883721,0.1641687490748319,5,False
ATAAA,5,3176,106277.08404326314,0.0298841469785444,0.2313519790916837,5,False
TGTAT,5,1029,42319.26673501791,0.0243151661025481,0.0921237743864866,5,False
GTATT,5,424,79364.19235504913,0.0053424597090733,0.1727659648892822,5,False
TATTC,5,719,20823.69380053688,0.0345279760107432,0.0453305885847629,5,False
TGTGT,5,1173,45831.32774377645,0.0255938472164224,0.0997690939055681,5,False
GTGTA,5,435,38688.20696280064,0.011243736377296,0.0842194093762394,5,False
GTATA,5,551,62334.28436533784,0.0088394373274684,0.1356939756393218,5,False
TATAT,5,2826,58087.3365627484,0.0486508793004691,0.1264488990729741,5,False
CTCCT,5,703,65435.068705461286,0.0107434746216034,0.1424439970600453,5,False
TCCTG,5,447,37300.78952168663,0.011983660553354,0.0811991743583368,5,False
CCTGC,5,381,25096.10124426453,0.0151816410163341,0.0546310876198141,5,False
CCACA,5,364,71767.1346870564,0.0050719594921441,0.1562281162779269,5,False
AGACA,5,663,22839.573903974582,0.0290285625637098,0.0497189085668204,5,False
GACAC,5,257,43587.24056255667,0.0058962209280294,0.0948839955299095,5,False
AACTG,5,277,17194.976221108354,0.0161093563863123,0.0374313222365835,5,False
CAGAG,5,441,44109.44227386328,0.0099978593531505,0.0960207636345619,5,False
AGAGG,5,696,43163.61914743912,0.0161246905089814,0.0939618244555397,5,False
AAACC,5,643,6992.923238433911,0.0919501012775312,0.0152227231807501,5,False
AACCA,5,416,23731.14340675419,0.0175297073920846,0.0516597443624458,5,False
ACCAC,5,227,53410.93673527695,0.0042500658830435,0.1162689589207855,5,False
CCACC,5,620,30737.67447268172,0.0201706866455049,0.0669120900892991,5,False
CACCA,5,284,39135.606866223614,0.0072568186043668,0.085193343258921,5,False
CCCAC,5,722,39460.71315059315,0.0182966789587569,0.0859010591600594,5,False
GGGTG,5,462,27482.679846757248,0.0168105877074615,0.0598263720775604,5,False
GGTGT,5,109,65873.09404039591,0.0016546968316556,0.1433975236743827,5,False
CCTGG,5,295,21546.903375216083,0.0136910624632641,0.0469049257799006,5,False
TCCCG,5,40,7579.702191213973,0.0052772521915657,0.0165000678993891,5,True
CCCGG,5,45,6116.9169678216485,0.0073566471862745,0.0133157666037295,5,True
CCGGG,5,25,60776.21114802511,0.0004113451550823,0.1323022442454843,5,True
CGGGT,5,42,33323.22115409397,0.0012603823563689,0.0725405032807559,5,True
TAGTA,5,392,72416.02902333431,0.0054131661910609,0.1576406784522727,5,False
AGTAT,5,317,50855.83017519098,0.0062333069563112,0.1107068100832676,5,False
TATTT,5,3577,119528.7926880912,0.0299258439707839,0.2601992988024816,5,False
ATTTG,5,831,34013.65209087688,0.0244313664930703,0.0740434854625574,5,False
GCCCC,5,182,46284.28955977558,0.0039322198035458,0.100755135379398,5,False
CCCCG,5,161,7629.194794432143,0.0211031444783005,0.0166078071341263,5,True
CCCCC,5,800,56687.81448521098,0.0141123803636618,0.1234023137687613,5,False
CCCCA,5,886,45871.74085259833,0.0193147236955105,0.0998570682115189,5,False
CCCAT,5,353,31371.26695472155,0.0112523348358702,0.0682913420322472,5,False
CCATC,5,349,18451.4927133389,0.0189144588691028,0.0401666021876268,5,False
CATCT,5,336,30685.80884509931,0.0109496869284467,0.0667991850759932,5,False
GCCGC,5,55,11324.09016135262,0.0048569023397311,0.0246511342856857,5,True
CCGCG,5,38,41503.85875174993,0.0009155775184011,0.0903487327357445,5,True
CGCGG,5,37,47374.53918575388,0.0007810102353697,0.1031284730649838,5,True
GCGGT,5,15,16035.891672308737,0.0009354016793405,0.0349081394948532,5,True
CGGTG,5,20,11203.494077286558,0.0017851573680524,0.024388611626445,5,True
AACAC,5,479,53424.01192481799,0.0089660057854524,0.1162974219803863,5,False
AACGG,5,13,1067.6296819089062,0.0121765067235262,0.0023240968838221,5,True
ACGGG,5,16,38127.147153598286,0.0004196484970549,0.0829980520308034,5,True
GGCCC,5,134,28372.522349964667,0.0047228793530289,0.0617634484101509,5,False
GGCAG,5,409,53144.63486461951,0.0076959791151427,0.1156892529063889,5,False
CCCCT,5,418,51183.20558289919,0.0081667413214864,0.111419465583379,5,False
CCCTG,5,353,30761.643031968524,0.0114753298331025,0.0669642666584711,5,False
GGTCC,5,72,17267.453900421064,0.0041696940623217,0.0375890971200395,5,False
GTCCG,5,7,1240.7986962810908,0.0056415275265684,0.00270106426633,5,True
TCCGT,5,16,501.84325345069374,0.031882465072477,0.0010924502767912,5,True
GGGGG,5,826,72693.20908135301,0.0113628220632769,0.1582440649260798,5,False
GGGGT,5,468,28220.130146774685,0.0165839065080813,0.0614317095586051,5,False
GAGAC,5,286,19271.221484737496,0.014840782159372,0.0419510496561352,5,False
AGACC,5,160,8805.924605199089,0.0181695854976472,0.0191694014140963,5,False
GACCG,5,6,1101.5244129311857,0.0054469968432509,0.0023978814929255,5,True
GTGAG,5,275,21172.319675526163,0.0129886570869172,0.0460895037061874,5,False
TGAGG,5,319,36908.03580181546,0.0086431042202551,0.0803441984130914,5,False
GAGGT,5,297,26631.72363702448,0.0111521133234913,0.0579739463640181,5,False
CATGA,5,232,35514.95069717592,0.0065324601455366,0.077311625597391,5,False
ATGAG,5,360,34367.55263767286,0.0104749966864203,0.0748138828877404,5,False
CCACG,5,55,5438.468719690606,0.01011314081864,0.0118388692431234,5,True
CACGG,5,18,3179.885609138144,0.0056605809807349,0.0069222150342382,5,True
CGGGG,5,99,85838.43766913225,0.001153329472067,0.1868595908108257,5,True
CCCAG,5,315,30450.516981207715,0.0103446519543296,0.0662869839851792,5,False
GCAGG,5,361,33623.02784180295,0.0107366892029627,0.073193145110091,5,False
CAGGA,5,347,43979.94040968343,0.0078899606676956,0.0957388542008982,5,False
AGGAG,5,694,74438.83651905583,0.0093230903712787,0.1620440785047822,5,False
GTTTT,5,1586,134789.4370725286,0.0117665006579602,0.2934198214799458,5,False
CACTC,5,307,13138.630022015346,0.0233662108976038,0.0286011616286845,5,False
ACTCA,5,319,12444.194414719075,0.0256344436103219,0.0270894617778086,5,False
CTCAG,5,441,18472.09818899603,0.0238738445133811,0.0402114577424844,5,False
CACAA,5,475,100085.76462535,0.0047459296711981,0.2178742476181717,5,False
CTGAA,5,414,45436.26575646092,0.0091116642863884,0.0989090931495054,5,False
TGAAG,5,367,42582.60024107658,0.0086185436756391,0.0926970186407515,5,False
GAAGG,5,596,21220.998171693915,0.0280853895362465,0.0461954707312427,5,False
GCCCA,5,185,37453.21557222045,0.0049394957728867,0.0815309868913357,5,False
CCAGC,5,332,22808.46939886829,0.0145559964675434,0.0496511979321169,5,False
CAGCA,5,359,43855.871207754215,0.0081859051049138,0.0954687709965174,5,False
AGCAC,5,183,38183.23445668835,0.004792679368417,0.0831201471060363,5,False
GCACC,5,81,18856.15983464048,0.0042956784790928,0.0410475121244138,5,False
CGGGC,5,28,23629.900981933457,0.0011849393707323,0.0514393522096014,5,True
CCGGC,5,31,30701.385012919895,0.0010097264337408,0.0668330924539044,5,True
CGGCG,5,34,12151.946641257742,0.0027979056363335,0.0264532747636081,5,True
GGCGC,5,63,11771.426985091071,0.0053519424688095,0.0256249308517484,5,True
GCGCT,5,21,15368.997662267984,0.0013663870905229,0.0334563942719178,5,True
CTCTC,5,968,46988.35392015076,0.0206008493433279,0.1022877958268225,5,False
CCTCC,5,1337,72153.7104212425,0.0185298856038646,0.157069643517575,5,False
CTCCA,5,473,43268.61806154731,0.0109317103524587,0.0941903940178314,5,False
TCCAT,5,388,28066.30732886768,0.0138244050224919,0.0610968564369504,5,False
TATGT,5,1069,23409.137152632386,0.0456659292066128,0.0509587768411629,5,False
ATGTG,5,858,45324.94747509583,0.0189299722955318,0.0986667671115383,5,False
TATGC,5,286,8333.788335090543,0.0343181262230717,0.0181416195411375,5,False
GTGTG,5,640,45831.32774377645,0.0139642474156098,0.0997690939055681,5,False
CAAGG,5,193,10190.990165250212,0.0189382971497805,0.0221845166797646,5,False
CAATA,5,441,29568.80441765496,0.0149143669717226,0.0643676055189343,5,False
AATAT,5,1949,74346.43966819906,0.0262151087355117,0.1618429420650691,5,False
ATATT,5,1778,73956.9660467932,0.0240410078325149,0.160995106485768,5,False
TATTA,5,1360,39368.76709032557,0.0345451509029909,0.0857009040353297,5,False
ATTAA,5,1433,25477.869925150317,0.0562448903385531,0.0554621505029677,5,False
TTAAA,5,2011,76680.17733463024,0.0262258131097434,0.1669231983843888,5,False
GGGTT,5,181,18482.503990509264,0.009793045362952,0.0402341098767219,5,False
CTGCC,5,359,25955.211278733983,0.0138315190789504,0.0565012631945516,5,False
TGCCT,5,313,29322.870652879697,0.0106742618656015,0.0638322383349508,5,False
CCAAA,5,441,66266.03254893956,0.0066549932602998,0.1442529018815596,5,False
TTATA,5,1488,60613.91861739329,0.0245488170694348,0.1319489536138164,5,False
TCCCC,5,612,56320.06564864054,0.0108664646063808,0.1226017703410305,5,False
AGTAG,5,276,20459.761162843264,0.0134898935429041,0.0445383525468208,5,False
TAAAC,5,585,31482.81377302018,0.0185815665720872,0.0685341655666628,5,False
ATATA,5,2871,58087.3365627484,0.0494255748307313,0.1264488990729741,5,False
ACCCA,5,264,40228.64871066169,0.0065624873929715,0.0875727592564265,5,False
CAGCC,5,279,24025.036223375104,0.011612885716632,0.0522995124307755,5,False
AGCCC,5,167,32363.16289100873,0.0051601878519233,0.070450575981681,5,False
TGTGC,5,561,20268.17707414138,0.0276788582390932,0.0441212978404119,5,False
GTGCG,5,46,1618.1484515090572,0.0284275524641148,0.0035225076985398,5,True
CACGC,5,67,5277.25696835692,0.0126959896783007,0.0114879313334166,5,True
ACGCA,5,33,27594.27955333076,0.0011959000392172,0.0600693107431651,5,True
AAATT,5,2358,27863.987393258925,0.0846253612851714,0.0606564311285769,5,False
AATTT,5,2031,82630.43707101227,0.0245793205505444,0.1798761729462535,5,False
TGCAT,5,484,49988.41647132622,0.0096822430908093,0.1088185584541707,5,False
GCATT,5,174,39444.53206250149,0.0044112578068942,0.0858658349460385,5,False
ATTTC,5,1063,38121.03614164801,0.0278848664042122,0.0829847491186876,5,False
TTTCC,5,954,11942.559043825826,0.0798823766748055,0.0259974640354609,5,False
TCTTG,5,493,21185.66206496306,0.0232704552016491,0.0461185484266916,5,False
CTTGA,5,312,11626.244967196875,0.0268358357217054,0.0253088876758303,5,False
TTGAA,5,672,41934.22905252746,0.016025094897017,0.0912855952938726,5,False
TGAAC,5,289,17460.547306972745,0.0165516002974654,0.0380094374234779,5,False
ATTAT,5,1362,36325.684878727145,0.0374941313438967,0.0790764929637444,5,False
TGAAA,5,1012,95684.7599325714,0.010576396917473,0.208293808383956,5,False
GAAAG,5,997,29728.36337047674,0.0335369958842107,0.0647149454920756,5,False
AAAGA,5,3233,30740.824933380045,0.1051695914799421,0.0669189482499663,5,False
CATAC,5,329,15935.364923383677,0.0206459030955245,0.0346893052793228,5,False
TACAC,5,474,39508.89731399223,0.0119972976272392,0.0860059500842281,5,False
CATCC,5,256,14963.240120972734,0.0171085939896925,0.032573110626576,5,False
ATCCC,5,205,31235.188262033156,0.0065631107544557,0.0679951156618205,5,False
CTCAC,5,329,16941.758670414485,0.0194194715200692,0.0368800991575807,5,False
CTTTT,5,2213,121816.36076631887,0.0181666894830753,0.2651790496769928,5,False
TCTCC,5,719,43253.76090539248,0.016622831979227,0.0941580518387903,5,False
TCCTT,5,686,45185.80197849104,0.0151817599768737,0.0983638646908424,5,False
ACAGA,5,720,24512.593532557883,0.0293726569179099,0.0533608639856802,5,False
CCAGA,5,229,38965.59057870415,0.0058769800893292,0.0848232389702163,5,False
AGAGA,5,1588,50680.00414065622,0.031333856950617,0.1103240586986991,5,False
TCCAG,5,269,27242.558266804484,0.0098742562047772,0.0593036572962433,5,False
ATGAT,5,433,37680.813628158416,0.0114912592990408,0.0820264395202132,5,False
TGATT,5,485,32426.88433274252,0.0149567252599189,0.0705892896261924,5,False
GATTG,5,144,10891.243606302463,0.0132216306241347,0.0237088812303318,5,False
GGGCG,5,136,5608.072795332124,0.0242507551102402,0.0122080761978956,5,True
CGCTG,5,24,23274.518518142333,0.0010311706332954,0.0506657288356379,5,True
GCTGA,5,182,38679.224543910525,0.0047053683765915,0.0841998557687429,5,False
CTTCC,5,646,21718.15835539858,0.0297446951729873,0.0472777265482996,5,False
TTCCA,5,497,22317.97686507246,0.0222690436057312,0.048583456758703,5,False
CCATT,5,316,37230.647894395246,0.0084876309672701,0.0810464847692626,5,False
AAGAA,5,2887,117872.54254217456,0.0244925572803949,0.2565938484593698,5,False
CACCC,5,437,31335.853050227997,0.0139456870473427,0.0682142503716535,5,False
AGGGG,5,405,51515.460020695326,0.007861717624909,0.1121427421244896,5,False
TTGTG,5,473,59791.16850825694,0.0079108673036667,0.1301579290692484,5,False
TGTGA,5,381,25282.6222672248,0.0150696393741526,0.0550371206625207,5,False
GTGAA,5,242,38355.11373296458,0.0063094585427343,0.0834943068892984,5,False
AAATC,5,870,8988.161532226695,0.0967939880564729,0.0195661085133827,5,False
AATCA,5,653,17311.203115057997,0.0377212372623595,0.0376843337129615,5,False
TCAGC,5,286,18670.41342397138,0.0153183538845903,0.0406431653162159,5,False
TTCTG,5,727,38576.26306874178,0.0188457860395784,0.0839757214573349,5,False
TCTGA,5,378,17726.278446421173,0.0213242729511741,0.0385879010270959,5,False
CTGAT,5,200,27499.162293823225,0.0072729488216054,0.0598622523125453,5,False
TGATG,5,362,29527.53938063848,0.0122597415021099,0.0642777766713799,5,False
GATGC,5,93,15548.944300398083,0.0059811134571765,0.0338481156974449,5,False
ATGCT,5,221,19910.94371257351,0.0110994236732456,0.043343645292449,5,False
TTTAA,5,2655,29874.123966892537,0.0888728989322785,0.0650322481613947,5,False
ACACC,5,173,19484.758624468624,0.0088787345706581,0.0424158934211962,5,False
GTGAT,5,213,23213.472317338503,0.0091757061196272,0.0505328388575289,5,False
CATGT,5,539,39223.491100290725,0.0137417650719011,0.0853846562937622,5,False
ATGTC,5,234,21170.655524427624,0.011053035166058,0.0460858810564542,5,False
TGTCT,5,556,23369.835463910505,0.0237913527828904,0.0508732219583835,5,False
GTCTC,5,220,47191.27693786975,0.0046618785138966,0.1027295339698584,5,False
TCTCT,5,1484,46988.35392015076,0.0315822938279945,0.1022877958268225,5,False
CTCTG,5,503,29485.14415715702,0.0170594383842585,0.064185487548614,5,False
TGAGT,5,328,13158.35176448032,0.0249271341784161,0.0286440934064189,5,False
AGTGT,5,243,38719.460525424925,0.0062759138867762,0.0842874444906,5,False
GTGCA,5,345,32148.80232336377,0.0107313484505541,0.069983939716579,5,False
GCATG,5,208,27272.704511861597,0.0076266730316216,0.0593692819181355,5,False
GTCTG,5,189,29612.478143795863,0.0063824445587509,0.0644626777827997,5,False
TCTGT,5,711,20312.94568752984,0.0350023089185181,0.0442187535374876,5,False
CTGTG,5,414,34320.75339205021,0.0120626722633628,0.0747120067571308,5,False
GCCCT,5,127,41789.90369110912,0.0030390115502233,0.0909714169524377,5,False
TCCAA,5,310,26212.87193922548,0.0118262508861575,0.0570621583703594,5,False
CCAAC,5,264,10118.424774479225,0.0260910177111622,0.0220265508593852,5,False
CTCAT,5,362,35485.87283675553,0.0102012426653642,0.0772483267158253,5,False
ACACG,5,65,3447.471290779443,0.018854399215404,0.0075047157452956,5,True
CAGAC,5,254,16772.74589932296,0.0151436146188951,0.0365121793991888,5,False
AGACG,5,26,1116.601390860979,0.0232849432329223,0.0024307021966001,5,True
TGGTG,5,235,36906.165070030176,0.0063674998351652,0.0803401260629251,5,False
TAGAA,5,607,59254.62127169039,0.0102439267515831,0.1289899325423084,5,False
AAAGT,5,810,9196.538307429346,0.0880766189323267,0.0200197188073973,5,False
AAGTT,5,370,23944.921195513303,0.0154521285319297,0.0521251119904768,5,False
AGTTA,5,259,25419.54167070201,0.0101890114052889,0.0553351771556553,5,False
TAATT,5,1479,33393.92016695994,0.0442894991844451,0.0726944062288243,5,False
CATAT,5,671,45445.64551627745,0.0147648909455948,0.0989295117187247,5,False
GTGTC,5,197,21407.178738017552,0.0092025204447021,0.0466007626422426,5,False
CTGCA,5,367,50819.55135879654,0.0072216300653444,0.1106278356171584,5,False
GAGCT,5,164,12731.444921426042,0.0128814915362827,0.0277147703645091,5,False
AGCTG,5,256,44669.42605255552,0.0057309892385634,0.0972397785955572,5,False
GCTGG,5,309,35525.12468839851,0.0086980694004688,0.0773337731094892,5,False
TACAT,5,764,49563.625384045896,0.0154145301938692,0.1078938411491418,5,False
CATAA,5,435,46098.73424264564,0.0094362677662759,0.1003512045580412,5,False
ATAAT,5,1554,43327.9070300905,0.0358660296912281,0.0943194587201071,5,False
TGTTT,5,1756,100240.6727739954,0.01751783933014,0.2182114633697061,5,False
GGAGC,5,199,19158.666788043407,0.0103869440499999,0.0417060320959466,5,False
CAGCT,5,276,27323.388654041857,0.0101012361056165,0.0594796149848312,5,False
AGCTT,5,168,34212.307369074995,0.0049105135817836,0.0744759332680452,5,False
GCTTT,5,277,64058.1640926848,0.0043241951111682,0.1394466471604505,5,False
TTTTC,5,3575,31693.991213973684,0.1127974061664977,0.0689938725612979,5,False
CCTCT,5,621,78383.56736980834,0.0079225789389013,0.1706312663968973,5,False
CTCCC,5,1186,59379.664142140406,0.0199731678704178,0.1292621353018246,5,False
AGCTA,5,198,21276.912003382327,0.0093058616761926,0.0463171881808337,5,False
TTTAC,5,878,9715.61216070678,0.0903700132813996,0.021149677954579,5,False
TTATG,5,623,25177.665012593305,0.0247441531884862,0.0548086417877226,5,False
CAGGG,5,281,32163.70223941173,0.0087365564420527,0.0700163749785833,5,False
TGAGC,5,187,10287.092925699208,0.0181781190614927,0.0223937204232264,5,False
GAGCC,5,176,11194.5640888843,0.0157219163339071,0.0243691721535922,5,False
AGCCA,5,273,41760.92749974396,0.0065372111287919,0.090908339391746,5,False
GCCAG,5,237,39646.260180017205,0.0059778652242073,0.0863049719401124,5,False
CCAGG,5,323,26605.39287612972,0.0121403958026041,0.0579166275760703,5,False
AGCTC,5,167,28167.730095386836,0.0059287702429153,0.0613176411712174,5,False
GCTCC,5,161,37345.52502573228,0.0043110921559963,0.0812965579804958,5,False
TCCTC,5,616,74925.62065118714,0.008221486784444,0.1631037469495163,5,False
AGTGG,5,265,27402.831664895224,0.0096705334412385,0.0596525525277774,5,False
ATAAG,5,514,13191.132385987046,0.0389655705787641,0.0287154527378281,5,False
TAAGA,5,443,18154.94878449132,0.0244010602981391,0.0395210629780773,5,False
TTGAT,5,606,25379.642256754647,0.0238774051213711,0.0552483210994846,5,False
TGATC,5,233,17624.965366737695,0.0132198841332036,0.0383673550674128,5,False
TCTAT,5,772,17655.380810594957,0.0437260463697687,0.0384335657015742,5,False
CTATC,5,193,9736.284214001063,0.0198227574049718,0.0211946784406628,5,False
TATCT,5,631,18161.89421801412,0.0347430720840854,0.0395361823220602,5,False
ATCTC,5,354,46659.72730643356,0.0075868424535603,0.1015724166070207,5,False
ATCCA,5,276,22760.37513036903,0.012126337919261,0.049546502697952,5,False
TTACA,5,615,18522.37223084886,0.033203090421416,0.04032089807183,5,False
TATAA,5,1492,58922.09606991169,0.0253215703363594,0.1282660665817214,5,False
CACCT,5,245,29967.475187772623,0.0081755302528778,0.0652354621458171,5,False
ACCTG,5,160,28573.97200923728,0.0055995015305634,0.0622019792353012,5,False
TGTGG,5,289,32436.09652868646,0.0089098267340648,0.0706093434297249,5,False
GGTAC,5,71,11699.029931079676,0.0060688792505249,0.0254673314795344,5,False
GTACC,5,85,5771.19868452595,0.0147283094286645,0.0125631809473891,5,False
TACCT,5,162,12281.934921524664,0.0131901040866197,0.0267362430645283,5,False
ACCTT,5,140,34614.22284902779,0.0040445801892077,0.0753508532242307,5,False
CTCTT,5,823,75189.03471025349,0.0109457449902301,0.163677166557649,5,False
CTTGC,5,180,8238.112019978402,0.0218496664725459,0.0179333441160762,5,False
TCCCT,5,558,50851.16659928362,0.0109731995805944,0.1106966580591927,5,False
CTGTC,5,277,16030.74880122384,0.0172792926540557,0.0348969441048553,5,False
TCTCA,5,478,24601.8952271647,0.0194293974340727,0.0535552626556241,5,False
TCATG,5,280,39291.776118553295,0.0071261731502075,0.0855333042761525,5,False
GGCTG,5,287,44870.78954763243,0.0063961433015422,0.0976781218519821,5,False
CCCGT,5,18,1964.1476502179603,0.0091642804949019,0.0042757048727571,5,True
GGAAG,5,676,36416.79942291896,0.0185628613912335,0.0792748379815117,5,False
AGCCT,5,179,32985.53140814352,0.0054266216840698,0.0718053947505595,5,False
GCCTC,5,206,56950.88781731828,0.0036171516879734,0.1239749916567291,5,False
TTCCT,5,886,33751.44423276013,0.0262507285285298,0.0734726916037044,5,False
TTTGA,5,868,12452.337042287118,0.069705790732482,0.0271071872641619,5,False
AAGAC,5,426,24288.571666881868,0.0175391128734367,0.0528731962777211,5,False
GTTCT,5,243,29015.72442008961,0.0083747693658047,0.0631636192298423,5,False
AGACT,5,219,13348.462081656256,0.0164063843954693,0.0290579398957195,5,False
GACTC,5,103,17100.8098948077,0.0060231065448703,0.0372263338691517,5,False
ACTCC,5,194,21878.72945984057,0.0088670596871768,0.047627269849492,5,False
CTGGC,5,235,15936.684562805664,0.0147458525061393,0.0346921779700324,5,False
TGGCC,5,142,15447.180355388178,0.0091926161754477,0.0336265882600847,5,False
GCTCT,5,170,40569.99230844185,0.004190289184862,0.0883158217671044,5,False
AGGCT,5,239,21881.14174941185,0.0109226475810579,0.0476325211035275,5,False
ACCCG,5,13,6690.659469773207,0.0019430072713655,0.0145647325921214,5,True
ACGCG,5,6,25052.70117341872,0.0002394951330184,0.0545366110694526,5,True
TCCAC,5,310,35303.5312312801,0.0087809912829719,0.0768513917445917,5,False
CACGT,5,44,4397.714140297433,0.010005197836034,0.0095732761111805,5,True
CTTCT,5,728,59844.5288603604,0.0121648547304749,0.1302740879117242,5,False
TTCTC,5,1199,61476.21637287783,0.0195034774542334,0.1338260684602912,5,False
GTCCT,5,110,39506.14420480687,0.0027843770181605,0.0859999569083293,5,False
GAAAT,5,1032,48118.49144706282,0.0214470564010791,0.1047479645061819,5,False
AAAGC,5,543,6530.129836505344,0.0831530174123752,0.0142152795685113,5,False
AAGCA,5,516,23047.13632398845,0.0223888986790486,0.0501707461109868,5,False
GAATG,5,403,14208.122462847356,0.0283640573238159,0.0309293135067447,5,False
CGCCT,5,20,62258.551729572144,0.0003212410093776,0.1355291151209518,5,True
TGTAG,5,241,17025.424361423724,0.0141553006188825,0.0370622289494479,5,False
GTAGA,5,160,19814.118688743078,0.0080750500445371,0.043132869271537,5,False
TAGAT,5,418,18065.91260969733,0.0231374970659178,0.0393272423117053,5,False
AGATG,5,391,17720.39774782882,0.0220649674778269,0.0385750994784833,5,False
GATGT,5,189,43676.099640549095,0.0043273094794511,0.0950774306785954,5,False
GGAGT,5,195,24506.09504126809,0.0079572041025557,0.0533467175792885,5,False
GAGTT,5,207,19282.954723410512,0.0107348693687846,0.0419765914557866,5,False
AGTTT,5,532,87941.70126744262,0.006049462227051,0.1914381337808466,5,False
AGGTA,5,170,13763.628380924158,0.0123513942177931,0.0299617052356558,5,False
CTTGG,5,175,7065.589606783693,0.0247679259253866,0.0153809088167455,5,False
TTGGT,5,318,12924.894677895509,0.0246036821130815,0.0281358863973483,5,False
CCGGA,5,18,29761.546696197864,0.000604807276441,0.0647871814604175,5,True
GTGGT,5,182,24956.23999839015,0.007292765256775,0.0543266271020783,5,False
CTTAC,5,184,4789.872184613953,0.0384143862107731,0.0104269553449127,5,False
TTACG,5,15,371.4671583850932,0.0403804203451271,0.0008086377513422,5,True
TACGT,5,30,1010.7530545112782,0.0296808403062463,0.0022002835478526,5,True
ACGTG,5,27,49479.9606747131,0.0005456754538974,0.1077117134942619,5,True
TGCTT,5,411,40733.1954846557,0.0100900505130962,0.0886710947608173,5,False
GCTTA,5,114,14219.465783173768,0.0080171788264295,0.0309540065027053,5,False
CTTAG,5,149,12818.461851257358,0.0116238595339256,0.0279041953860195,5,False
TGGGA,5,352,52937.84465836884,0.0066493073579328,0.1152390963754344,5,False
TTTCA,5,1537,17137.835279851377,0.0896846057218802,0.0373069335222528,5,False
ATTCA,5,701,13378.689736100014,0.0523967603575166,0.0291237417357099,5,False
TTCAT,5,1282,46179.70647324823,0.0277611119235385,0.1005274710219738,5,False
TAAAG,5,614,35277.562036984535,0.0174048308484665,0.0767948600421106,5,False
TCTTC,5,915,46247.73497789903,0.0197847527113979,0.1006755606061706,5,False
CTTCA,5,460,31166.03561352902,0.0147596571377951,0.0678445789564255,5,False
TTGTT,5,1939,83638.17860061112,0.0231831925616064,0.1820699007793456,5,False
CCTCA,5,423,41039.62261032623,0.0103071123245067,0.0893381484592646,5,False
CTCAA,5,277,25871.73986119619,0.010706663003189,0.0563195563118421,5,False
TTAGA,5,393,29234.56383213836,0.0134429917359657,0.0636400053815374,5,False
GAGAA,5,1004,93523.32057453616,0.010735290340764,0.203588624028648,5,False
TTCCC,5,481,30628.063246554066,0.0157045516109843,0.0666734800980335,5,False
CCCTT,5,322,37264.34556478812,0.0086409675286036,0.0811198404019124,5,False
CCTTT,5,505,61451.9570631434,0.0082178017452088,0.1337732589635969,5,False
CTTTC,5,816,32697.98591797889,0.024955665527745,0.0711794440216009,5,False
TTCTA,5,1256,43392.02542842866,0.0289454107661248,0.09445903648972,5,False
AGATA,5,545,20467.7462358643,0.0266272599689081,0.0445557350565428,5,False
GATAG,5,197,14838.029279628194,0.013276695731452,0.0323005422153369,5,False
AGGGT,5,215,19998.74547742186,0.010750674348185,0.0435347788020694,5,False
TTGAC,5,216,12091.340355736029,0.0178640244708297,0.0263213424262932,5,False
TGACA,5,302,26827.43139717374,0.0112571343685111,0.0583999777897176,5,False
TTCAG,5,472,24038.751314841546,0.0196349633064587,0.0523293684771918,5,False
TCAGA,5,354,31896.208057245083,0.0110984979582734,0.0694340734504893,5,False
CAGAA,5,672,81398.20783544822,0.0082557100195435,0.1771937633288959,5,False
AGAAC,5,466,20800.952183594734,0.022402820596238,0.0452810829163051,5,False
ACCAG,5,172,41215.43951405538,0.0041731933961627,0.0897208799672062,5,False
CCAGT,5,146,18742.2605686096,0.0077898820937602,0.0407995676041952,5,False
CAGTC,5,149,13509.62291238952,0.0110291753490287,0.0294087669576195,5,False
GTCAA,5,174,43354.00178824275,0.0040134703331397,0.0943762637594699,5,False
TCAAA,5,676,78957.14785412629,0.0085616061163824,0.1718798796930742,5,False
ACACT,5,262,19572.03637866557,0.0133864455864997,0.0426058862248746,5,False
CACTG,5,269,15579.795418855056,0.0172659520082304,0.0339152747409628,5,False
CATTG,5,198,12881.324050352783,0.0153710906756186,0.0280410385662941,5,False
ATTGT,5,494,18438.571954286,0.026791662674569,0.0401384753039701,5,False
TCCCA,5,351,45574.15874464098,0.0077017329484172,0.0992092690153142,5,False
CCACT,5,341,30875.357225078948,0.0110444066286953,0.0672118082979858,5,False
CACTT,5,296,22407.119780748224,0.0132100869231001,0.0487775097866841,5,False
ACTTG,5,183,11421.205288093575,0.0160228273097213,0.0248625418245124,5,False
TAAAT,5,1712,57100.45474066224,0.0299822480884877,0.1243005802258339,5,False
AAGTG,5,308,16483.971501117314,0.0186848175501348,0.0358835534904398,5,False
CAATG,5,244,12471.912251405389,0.019563960608567,0.0271498000570458,5,False
AATGA,5,1073,27547.69597618747,0.0389506258863722,0.0599679040959816,5,False
ATGAC,5,230,17951.850457539902,0.0128120496850172,0.0390789432086707,5,False
TGACC,5,140,10343.465216465876,0.0135351158504533,0.0225164358811466,5,False
GTTAA,5,263,21220.87231017696,0.0123934584853928,0.0461951967463917,5,False
GAGGA,5,650,63030.754887627845,0.0103124260713492,0.1372101052467659,5,False
TGGTA,5,185,17525.0327700962,0.0105563283348419,0.0381498142474241,5,False
GTACA,5,241,28552.837071497062,0.0084404922493876,0.0621559711074137,5,False
TATGA,5,406,21195.82751350264,0.0191547133388097,0.0461406773424326,5,False
ATGAA,5,980,62259.18606666943,0.0157406490818974,0.1355304959938295,5,False
TGAAT,5,614,32111.075308696774,0.0191211285856163,0.0699018127031499,5,False
ATCAA,5,555,48639.560529683455,0.0114104649375131,0.1058822670192119,5,False
TCAAT,5,370,18429.35716503634,0.0200766633739104,0.040118415855134,5,False
CAATC,5,161,6559.153530369486,0.024545850200724,0.0142784605362286,5,False
ATAAC,5,485,13018.511242440867,0.0372546438657963,0.0283396780018914,5,False
TGCCA,5,237,37123.86076996655,0.0063840342864267,0.0808140224957584,5,False
TGCAA,5,357,52122.4627113699,0.0068492542644598,0.1134641114024082,5,False
GCAAT,5,157,18294.56709358155,0.0085817827334696,0.0398249946526828,5,False
CAATT,5,419,20333.877025392954,0.0206060063939972,0.0442643184537935,5,False
CCCTA,5,164,15885.597511682588,0.0103238168963673,0.0345809678207355,5,False
CCTAG,5,187,9696.425887515532,0.0192854565351516,0.0211079118267806,5,False
GAGAT,5,324,28513.96397795387,0.0113628536618236,0.0620713492229727,5,False
CAAAC,5,623,33483.87211364499,0.0186059723883045,0.0728902204165777,5,False
TAATG,5,451,20482.3724237465,0.0220189336796321,0.0445875744464129,5,False
AATCC,5,314,8515.790078626182,0.0368726797045068,0.0185378146752454,5,False
ATCCG,5,13,1081.0695566587494,0.0120251281889566,0.0023533538177144,5,True
CCGTC,5,11,9019.736332109343,0.0012195478443024,0.0196348429212566,5,True
CGTCT,5,13,40300.538801601055,0.0003225763323909,0.0877292550331561,5,True
AAACT,5,1174,12784.771874846732,0.0918279975186553,0.0278308565022111,5,False
CTCGG,5,36,1744.1462589245182,0.0206404708411314,0.0037967892369279,5,True
TCGGC,5,18,24899.39086294416,0.0007229092510366,0.0542028736126645,5,True
CGGCT,5,22,30587.5921867556,0.0007192458911337,0.0665853796400222,5,True
TAATC,5,391,10771.96685523671,0.0362979208212025,0.0234492305947587,5,False
AATCT,5,485,17463.724728406527,0.0277718532296319,0.0380163542743092,5,False
ATCTT,5,491,74663.17849687165,0.0065762000745866,0.1625324430570116,5,False
CCATG,5,228,25741.98262005216,0.0088571266388159,0.0560370909543251,5,False
TGTTG,5,488,23203.85943842486,0.0210309841470547,0.0505119128170616,5,False
GTTGT,5,251,29718.508838352875,0.0084459150142847,0.0646934934026585,5,False
TGGAA,5,441,47515.28700572874,0.0092812235343717,0.1034348635441464,5,False
GAAGT,5,255,16410.55572017343,0.0155387790851305,0.0357237364765385,5,False
TAATA,5,1269,48560.25699981041,0.0261324811358587,0.1057096331089926,5,False
AGAAT,5,813,38254.29583145278,0.0212525151052852,0.0832748388708389,5,False
TTTGG,5,605,7567.628536504548,0.0799457844794594,0.0164737850564127,5,False
GGTAT,5,102,34215.86416206679,0.0029810733265968,0.0744836759635216,5,False
GTATG,5,279,25892.266435647616,0.0107754182390106,0.0563642401085991,5,False
TATGG,5,214,11010.086215058644,0.0194367233661902,0.0239675867921533,5,False
ATGGA,5,430,23393.89291196392,0.0183808655369236,0.0509255920273326,5,False
GGAAT,5,217,27461.512029578484,0.0079019683900242,0.059780292375229,5,False
GCTCA,5,179,21241.405941465287,0.0084269374867778,0.0462398959050039,5,False
TCACC,5,236,17807.411832013793,0.0132529085206938,0.0387645183053759,5,False
ACCCC,5,252,49714.14061717561,0.0050689803116688,0.1082214940705734,5,False
AAGAT,5,625,35937.70421526834,0.0173912055220952,0.0782319073680015,5,False
AGATC,5,239,10577.291678936585,0.0225955761885568,0.0230254469755288,5,False
GATCT,5,182,28454.219631506738,0.0063962393752832,0.0619412932197005,5,False
ATCTG,5,269,29278.931292245947,0.0091874938096268,0.0637365878178694,5,False
TTAAG,5,388,9517.558556558735,0.0407667573248206,0.0207185399185821,5,False
AACAG,5,540,40911.95347981714,0.013199076408473,0.0890602286586031,5,False
GCATC,5,92,19548.692732845902,0.0047061970463846,0.0425550700145108,5,False
TATAC,5,761,20368.13197478429,0.03736228736843,0.0443388872134345,5,False
GCCTT,5,150,34345.68198497571,0.0043673612323556,0.0747662731999976,5,False
GTGTT,5,262,64110.61818950336,0.0040866865333533,0.1395608331980115,5,False
TAACA,5,518,20650.8254671003,0.0250837430603075,0.0449542757472131,5,False
ATGTT,5,581,63402.274057612274,0.0091637091671516,0.1380188562208838,5,False
AATGT,5,646,30424.28010582665,0.0212330414311523,0.0662298695743047,5,False
ACGCT,5,8,19606.461787892917,0.0004080287451425,0.0426808260543542,5,True
GTTTA,5,369,62611.623761859526,0.0058934743715236,0.1362977089732103,5,False
CCTAC,5,152,5746.408183864469,0.0264513057785915,0.0125092151141868,5,False
CTACC,5,148,4782.98063141091,0.0309430481545441,0.0104119532916771,5,False
TGTCA,5,337,20415.78322830384,0.0165068367072389,0.0444426180591497,5,False
TCACT,5,398,17887.176274710382,0.0222505773906141,0.0389381555654224,5,False
CTGAC,5,199,13101.119685946156,0.0151895414109888,0.0285195062975835,5,False
TGACT,5,211,15679.143238792654,0.0134573679688028,0.0341315425748794,5,False
ACTCT,5,258,23767.77097905608,0.0108550355953592,0.0517394780267409,5,False
TGTAA,5,489,30705.89779974212,0.0159252793450027,0.0668429162289161,5,False
GTAAT,5,239,33258.30921833177,0.0071861740905417,0.0723991980789765,5,False
GGCAT,5,251,45900.33826854848,0.0054683692858967,0.0999193212252946,5,False
TATAG,5,483,16575.938785099628,0.0291386211219708,0.0360837548165538,5,False
GTGGA,5,233,35594.955854277585,0.0065458713013686,0.0774857868627253,5,False
TTAAC,5,428,9393.010352983269,0.0455657966845597,0.0204474139872593,5,False
TAACG,5,15,447.4151831645254,0.033525907399714,0.0009739671447764,5,True
AACGT,5,25,1476.50913455487,0.0169318288759093,0.0032141765414561,5,True
ACGTT,5,21,20678.19252077562,0.001015562650309,0.0450138504155124,5,True
TATTG,5,565,16292.79521269078,0.0346779047194989,0.0354673865144539,5,False
ATTGA,5,389,8524.280767240303,0.0456343485886771,0.0185562978471578,5,False
GCAGC,5,193,28824.599779359407,0.0066956697222975,0.0627475646844606,5,False
GAAGC,5,195,11652.543159132732,0.0167345443253877,0.0253661355652098,5,False
AAGCC,5,166,12625.63642632608,0.0131478520681831,0.0274844384452016,5,False
CTTAT,5,394,20999.049089259548,0.0187627543668879,0.0457123152143124,5,False
GCAAA,5,429,78379.66490093272,0.0054733584347704,0.170622771208063,5,False
CAAAG,5,733,37519.81586664421,0.0195363432114188,0.0816759674396988,5,False
TTATC,5,572,17897.37633425307,0.0319599917505937,0.0389603598250076,5,False
TGTTA,5,494,28974.558394415737,0.0170494401769798,0.0630740059176525,5,False
GTTAT,5,309,30256.16830040579,0.0102127935345949,0.0658639111059959,5,False
TTAAT,5,1479,31261.599097442653,0.0473104397311841,0.0680526087620166,5,False
ATTAG,5,377,22174.30912511759,0.0170016570921237,0.0482707099773117,5,False
TAGTT,5,733,87606.09949344183,0.0083669973236837,0.190707570505605,5,False
ATAGA,5,684,13096.827426763028,0.0522263887055779,0.0285101625837836,5,False
AGATT,5,400,19460.385123584623,0.0205545777979094,0.0423628353445876,5,False
ACAAT,5,595,29050.92401090533,0.0204812762505125,0.0632402443562442,5,False
CTCCG,5,38,2055.1676093695078,0.0184899761103464,0.0044738439906688,5,True
TCCGC,5,18,2695.615189963726,0.006677510969302,0.0058680186296214,5,True
CCGCT,5,35,32481.28076223908,0.0010775437168317,0.0707077038801479,5,True
CGCTC,5,22,14676.48934973522,0.0014989960797673,0.0319488899017689,5,True
CTACA,5,247,23663.657092758647,0.0104379470608363,0.0515128350597958,5,False
AATGC,5,290,10831.21983506998,0.0267744542550064,0.023578216954094,5,False
TGCTG,5,313,53183.44781477132,0.0058852897444732,0.1157737438661554,5,False
TGCCC,5,183,28769.608942448,0.0063608789527199,0.0626278564795743,5,False
CCCAA,5,300,29299.579514315414,0.0102390547909885,0.0637815364263441,5,False
CTCTA,5,292,33165.99440304399,0.0088041985550477,0.0721982402204826,5,False
TCTAC,5,244,9457.639768187404,0.0257992486477166,0.0205881041769612,5,False
AATGG,5,507,14309.53839999083,0.035430912292763,0.0311500833743111,5,False
TGGAT,5,321,17577.395629692543,0.0182620910834908,0.0382638016729125,5,False
GGACG,5,12,1118.7176155775248,0.0107265674848653,0.0024353089543107,5,True
ACGGC,5,6,19260.105263157893,0.0003115247771504,0.0419268510258697,5,True
CGGCA,5,14,42791.47022391616,0.0003271680063045,0.0931517025863809,5,True
AATTA,5,1472,27215.68886008327,0.0540864501930338,0.0592451659433996,5,False
GGTAA,5,130,24826.253126472973,0.0052363922714288,0.0540436618669602,5,False
CCTTC,5,509,29075.86401390261,0.017505928620268,0.0632945356374165,5,False
GTTTC,5,324,36180.22314543181,0.008955168648287,0.0787598408822262,5,False
TATCC,5,238,8856.23662741591,0.0268737173601744,0.0192789244219653,5,False
AAGTA,5,479,19793.097949595976,0.0242003551551048,0.0430871097397675,5,False
AGTAC,5,136,17388.538736632796,0.0078212437548582,0.0378526837318455,5,False
GTACT,5,104,28698.80124056095,0.0036238447427906,0.0624737169290402,5,False
TACTG,5,226,31610.774329836837,0.0071494610553301,0.0688127197661096,5,False
AGGAT,5,243,22907.22888209658,0.0106080050647208,0.0498661850302728,5,False
GGATA,5,203,17827.79986910995,0.0113867107265286,0.0388089005235602,5,False
GATAA,5,363,52744.39041053446,0.0068822484661326,0.1148179705654531,5,False
CTATT,5,509,41983.037554517694,0.0121239440890628,0.0913918453254161,5,False
GTATC,5,108,18405.346020520592,0.0058678603422933,0.040066146583221,5,False
GATCA,5,255,28205.7111631093,0.009040722232649,0.0614003212265154,5,False
ATCAC,5,291,31850.9578694726,0.0091363029392251,0.0693355694259418,5,False
TCACA,5,393,41577.21575559771,0.009452292387979,0.0905084217992261,5,False
GCGAC,5,11,8393.897980987864,0.0013104757795382,0.0182724707558282,5,True
CGACA,5,11,38142.21307433647,0.0002883943828472,0.0830308486643486,5,True
GGTAG,5,128,13765.352100724916,0.0092987087481227,0.0299654575590366,5,False
AGAAG,5,990,50729.14473385622,0.0195154088481858,0.1104310316514566,5,False
TCATT,5,1067,56827.72393280023,0.0187760467278567,0.1237068792156287,5,False
CATTA,5,341,31125.52755578373,0.0109556375996793,0.0677563979584907,5,False
GAACA,5,399,25924.073337108443,0.0153910998017761,0.056433479772709,5,False
ATATG,5,1014,24128.179382069746,0.0420255496257429,0.0525240422445975,5,False
ATTGC,5,195,6040.125599315002,0.0322840968774084,0.0131486013560083,5,False
GCATA,5,175,30657.38383075611,0.0057082496329786,0.0667373073590497,5,False
TAGTG,5,166,60309.09166844665,0.0027524871525606,0.1312853833008543,5,False
CCCTC,5,1097,61790.52041460087,0.0177535322997665,0.134510269224207,5,False
ACTGC,5,186,18125.65372172886,0.0102616988526612,0.0394572912740574,5,False
CTGAG,5,320,25081.17040547746,0.0127585752509426,0.0545985850428571,5,False
TGAGA,5,390,43335.09201047781,0.0089996347511089,0.0943350995277874,5,False
TCAAG,5,292,13370.317943261662,0.0218394208155058,0.0291055173850972,5,False
CAAGT,5,171,7880.864537920484,0.0216981270490307,0.0171556608295647,5,False
GCAAG,5,207,13272.5290678925,0.0155961233116266,0.0288926431793973,5,False
GACAA,5,311,95891.92923762467,0.0032432343626055,0.208744790165801,5,False
CTAAG,5,136,16456.9631972559,0.008263979105372,0.0358247597758164,5,False
TAAGT,5,298,5431.301285109469,0.0548671458931952,0.0118232666304785,5,False
TTGCT,5,480,24168.6951323192,0.0198604019526949,0.052612239988156,5,False
ACTTT,5,574,52694.27751088663,0.0108930234384827,0.1147088810226234,5,False
CTTTG,5,510,29174.91310975801,0.0174807718563323,0.0635101531862012,5,False
ATTCT,5,690,25689.54851858959,0.0268591719119041,0.0559229484441644,5,False
CTATG,5,192,13696.806606137092,0.0140178660268132,0.0298162425521189,5,False
ATGTA,5,775,38260.749465908586,0.0202557454001403,0.0832888876294883,5,False
GGATC,5,63,9213.024093432658,0.0068381455818517,0.0200556063108331,5,False
ATCAT,5,401,66714.38678079755,0.0060106975324162,0.145228913218418,5,False
CATGG,5,276,18448.09639304556,0.0149608932065231,0.040159208821234,5,False
TAGAC,5,180,12209.88437435672,0.0147421543465257,0.026579397994568,5,False
TGCGT,5,34,1054.115753794469,0.0322545222169493,0.0022946787449757,5,True
GCGTG,5,25,21592.23949239212,0.0011578233933913,0.0470036168620603,5,True
CGTGT,5,23,74950.66591766161,0.0003068685210251,0.1631582673761719,5,True
TAGAG,5,215,32109.89978706901,0.0066957543133343,0.0698992537389338,5,False
GCACT,5,128,18940.62191676653,0.0067579618326414,0.0412313755605814,5,False
CAGGC,5,197,19366.8633911092,0.0101720137134047,0.042159250177653,5,False
ACTTC,5,261,24932.18638493617,0.0104683959910428,0.0542742653805748,5,False
TCATC,5,334,28163.794974396595,0.0118591972531981,0.061309074902795,5,False
CCGTA,5,6,6559.808241534068,0.0009146608832268,0.0142798857609139,5,True
CGTAA,5,7,21308.610571736783,0.0003285056985031,0.0463861920172599,5,True
GTAAC,5,117,9992.951474963562,0.0117082525911521,0.021753411109387,5,False
TGCAG,5,349,57877.92075269982,0.006029933270948,0.1259930269294732,5,False
GCAGA,5,351,49243.44259826808,0.0071278525927499,0.1071968430913984,5,False
TTGTC,5,476,27927.62711058468,0.0170440545526903,0.0607949668692278,5,False
TGTCC,5,193,12932.18423143362,0.0149240063817591,0.0281517548477572,5,False
GTCCA,5,121,26123.24398063225,0.0046318902847482,0.0568670494643411,5,False
GCCGG,5,39,6565.562912699125,0.0059400847297595,0.0142924129635093,5,True
CCGGT,5,9,8145.265411590994,0.0011049363704211,0.0177312286102195,5,True
GTGAC,5,115,11059.336132001396,0.0103984541773022,0.0240747977290865,5,False
GACTT,5,212,29164.37216199077,0.0072691432828543,0.0634872068553961,5,False
TGGAC,5,147,13664.72071718088,0.0107576293026738,0.0297463955669691,5,False
GGACC,5,105,8822.613922850027,0.0119012348175019,0.0192057319805866,5,False
GACCT,5,126,25846.48354627817,0.004874937814051,0.0562645764590032,5,False
TGACG,5,18,1311.5633127507162,0.0137240801301836,0.002855110025275,5,True
GACGT,5,6,2718.2905806067174,0.0022072695402052,0.005917380131672,5,True
TAACT,5,321,8349.813223473026,0.0384439737044181,0.0181765037278405,5,False
ACTGA,5,233,16943.941091927078,0.0137512281668054,0.0368848500174739,5,False
GTAGT,5,140,43141.47445477008,0.0032451371161821,0.0939136182168996,5,False
CTGTT,5,337,48009.18552905378,0.0070194900472964,0.1045100191326757,5,False
TGGTC,5,118,16014.254083018945,0.0073684356066964,0.0348610371571289,5,False
ATACT,5,384,27426.200077459333,0.0140012104817829,0.0597034226522601,5,False
AGCAG,5,378,60699.81321267509,0.0062273667741874,0.1321359354527576,5,False
ATATC,5,478,17151.35642821825,0.0278695158601899,0.0373363673786898,5,False
CCATA,5,190,28936.691680297296,0.0065660581416558,0.062991574795912,5,False
GAACT,5,221,10481.96212307958,0.0210838388275983,0.0228179264021898,5,False
GGTTT,5,275,69266.58887611266,0.0039701680775973,0.1507847393977731,5,False
CAGTG,5,244,18301.88779685202,0.0133319580312348,0.0398409309121805,5,False
AGTGC,5,127,17123.066705199395,0.0074168957107103,0.0372747841741138,5,False
GATGA,5,313,39546.569717950144,0.0079147193355162,0.0860879582169433,5,False
TTACT,5,568,18617.0599378882,0.0305096509274294,0.0405270214202114,5,False
TACTT,5,446,45463.13913170163,0.0098101452851284,0.0989675931413219,5,False
ACTTA,5,261,11696.939596192407,0.0223135289238358,0.0254627810807586,5,False
GAACC,5,97,5733.348802185491,0.0169185590039497,0.0124807864663335,5,False
GCTTG,5,105,13884.26745826024,0.0075625163744257,0.0302243214858921,5,False
TGATA,5,397,34105.45246290801,0.0116403674876257,0.0742433234421365,5,False
ACTAC,5,170,26332.444281982083,0.0064559141635143,0.0573224524722384,5,False
ACCTC,5,232,57396.1735050413,0.0040420813066854,0.124944323155079,5,False
TACAG,5,290,30255.799044512307,0.0095849393887549,0.0658631072818929,5,False
AGTCC,5,230,17265.8945380456,0.0133210590098991,0.0375857025823089,5,False
GTCCC,5,95,35850.219474692945,0.0026499140421458,0.0780414639807497,5,False
GACCA,5,152,33753.855224819905,0.0045031893094164,0.0734779400332189,5,False
ACCAA,5,343,39657.62052594314,0.0086490312694282,0.0863297019986832,5,False
CAACC,5,184,6054.871325841108,0.0303887547890111,0.0131807009666222,5,False
AACCT,5,225,18171.74967160548,0.0123818566767721,0.0395576364173973,5,False
AGGTT,5,213,19492.823445890124,0.0109270984057934,0.0424334495332563,5,False
GGTTG,5,156,16033.93261021126,0.0097293660758341,0.0349038748605956,5,False
GATTT,5,389,79901.40317477354,0.0048685002333327,0.1739354059541322,5,False
CTTTA,5,550,56585.44403769296,0.0097198141563337,0.1231794660509583,5,False
AACTT,5,438,24730.099558766025,0.0177112105415986,0.053834347522424,5,False
TTACC,5,171,3743.806262939959,0.0456754404448578,0.0081498000821551,5,False
TACCG,5,8,523.4310164424514,0.0152837714019561,0.0011394441488687,5,True
CCCGC,5,113,10550.278806885044,0.010710617422381,0.0229666433165243,5,True
AGAGC,5,272,12030.663554232126,0.0226088942454314,0.0261892565844652,5,False
AGCCG,5,22,5725.790357640007,0.0038422643208801,0.012464332673682,5,True
AGGAC,5,187,17808.149265845735,0.0105008104552811,0.038766123607008,5,False
GACGC,5,6,3261.948696728061,0.0018393912835043,0.0071008561580064,5,True
ACGCC,5,12,62450.21162069594,0.0001921530718404,0.1359463348397949,5,True
CCCGA,5,34,3086.5177360567945,0.0110156502918518,0.006718964800047,5,True
CCGAC,5,18,10943.84744066556,0.0016447597700526,0.023823393227883,5,True
GACCC,5,91,27026.688274418728,0.0033670422019901,0.0588337352014235,5,False
ACCCT,5,167,44886.70277189621,0.0037204782193215,0.0977127629598022,5,False
CCGCC,5,117,103458.89427972448,0.0011308839207546,0.2252171308775082,5,True
TGGCT,5,301,20129.179710893004,0.0149534161015569,0.0438187178875883,5,False
GGCTT,5,125,34366.53164270629,0.0036372596833329,0.0748116603088252,5,False
ACTGG,5,169,15562.246324774223,0.0108596147672435,0.0338770725482378,5,False
GGGCT,5,196,14116.046480558212,0.0138849075249183,0.030728875557951,5,False
ATAGT,5,353,28515.850477429016,0.0123790801989022,0.0620754558974365,5,False
AGTAA,5,434,36899.83415020518,0.0117615704784295,0.0803263444387474,5,False
GATAT,5,332,51997.15152594887,0.0063849651424524,0.1131913245546088,5,False
GCCAT,5,126,40845.06718330066,0.0030848278308503,0.088914625519295,5,False
CATCG,5,22,736.9954089434332,0.0298509322215989,0.0016043472398164,5,True
ATCGT,5,14,1297.806492561437,0.0107874325488761,0.0028251631406249,5,True
TCGTG,5,13,59615.52778519904,0.0002180639924356,0.1297755810846914,5,True
GCAGT,5,199,23685.85766993406,0.0084016379213746,0.0515611629520479,5,False
GGTTA,5,104,20021.501937620324,0.0051944155000971,0.0435843167824481,5,False
GCTGT,5,164,44323.403232721495,0.003700076890281,0.0964865300010917,5,False
CTGTA,5,221,28971.633066667757,0.0076281512847911,0.0630676378433863,5,False
TGTAC,5,266,14469.731521298309,0.018383202176797,0.0314988038532836,5,False
ATGGT,5,205,16401.86346620934,0.0124985798365128,0.0357048145219567,5,False
AGCAA,5,486,54663.74240158226,0.0088907194906203,0.1189961608658353,5,False
GGACT,5,179,13373.760586222232,0.0133844178565905,0.0291130115901688,5,False
GACTG,5,183,20278.150706078613,0.0090244915649602,0.0441430091952931,5,False
GAATA,5,563,33685.06655414314,0.0167136377508731,0.0733281956622341,5,False
GAGTA,5,157,15939.472445188265,0.0098497613732124,0.0346982468428519,5,False
GTAAA,5,405,81577.81822876331,0.0049645848441825,0.1775847527913275,5,False
ACAAG,5,338,21076.16055693132,0.0160370765390113,0.0458801772780595,5,False
ACCAT,5,288,42461.69470454517,0.0067825837382126,0.0924338223420245,5,False
AAATG,5,1756,17090.553134997896,0.1027468207804273,0.0372040061801449,5,False
GTTGC,5,120,9735.218456887014,0.0123263797860753,0.0211923584201261,5,False
GCCGA,5,17,3312.8987174169897,0.0051314578108366,0.0072117680091102,5,True
TTCAC,5,430,22047.23682969385,0.0195035778552015,0.0479940894123173,5,False
TCATA,5,340,44168.08246262196,0.0076978664466072,0.0961484160240282,5,False
ATACG,5,31,547.2363865220758,0.0566482799088313,0.0011912654754558,5,True
ACGTA,5,24,17724.165017807674,0.0013540835337454,0.0385833003561535,5,True
CGTAT,5,13,29367.803554192924,0.0004426616371228,0.0639300516663827,5,True
CAACA,5,479,27377.878743052548,0.0174958770361838,0.0595982331238871,5,False
TGGCA,5,224,28160.346488583764,0.0079544475807785,0.0613015679785616,5,False
CAGAT,5,279,24817.18518794674,0.011242209698121,0.0540239220938641,5,False
GCTTC,5,141,30308.98537902299,0.0046520857836959,0.0659788873097367,5,False
GTAGC,5,79,5357.350025896564,0.014746096412989,0.0116622839470596,5,False
TAGCT,5,158,9187.605227040664,0.0171970819485124,0.0200002726036751,5,False
TATCA,5,407,18003.27505453801,0.0226069978249545,0.0391908881533086,5,False
TCCGG,5,10,1562.8832750321606,0.0063984304904627,0.0034022022905783,5,True
GACTA,5,120,66440.00460641299,0.0018061407537653,0.1446316173889096,5,False
GAGCG,5,30,1214.3255960823649,0.0247050709437283,0.0026434356234405,5,True
AGCGG,5,18,6786.983422187671,0.0026521355483432,0.0147744178429507,5,True
GGGAT,5,279,20101.70470538286,0.0138794198844881,0.043758908221586,5,False
GGATG,5,277,15434.806598088478,0.0179464509801052,0.033599652131136,5,False
GATGG,5,262,20542.30446190804,0.0127541678922066,0.0447180390311773,5,False
GCGCG,5,38,19638.163679564645,0.0019350078052125,0.0427498371252283,5,True
CGCGA,5,8,9312.943600618286,0.0008590194833209,0.0202731186367062,5,True
CGAGC,5,15,16596.733666253607,0.0009037922944139,0.0361290226835946,5,True
ACAGC,5,184,14348.422060868368,0.0128237097584279,0.0312347282625232,5,False
TCAGT,5,263,15341.921774597491,0.0171425720886847,0.0333974534357571,5,False
AATTC,5,480,14395.451350883794,0.0333438659407182,0.0313371051711324,5,False
TTCAA,5,599,33668.30959008508,0.0177912110020634,0.0732917178379383,5,False
TCTCG,5,41,1941.14439185176,0.0211215611636638,0.0042256296434969,5,True
CGAAC,5,11,11847.689674974668,0.0009284510568532,0.0257909452319344,5,True
CTTGT,5,245,25148.321628455324,0.0097422008362889,0.0547447648940848,5,False
GTTCA,5,173,15110.906842276883,0.0114486841726788,0.0328945626924398,5,False
TCCTA,5,255,19262.473353380643,0.0132381753538024,0.0419320060634268,5,False
GTACG,5,14,572.6286632506292,0.0244486538981938,0.0012465413002273,5,True
ACAAC,5,371,19004.793426028977,0.019521390824058,0.0413710689460635,5,False
CAGTA,5,194,21975.957541606604,0.0088278292143904,0.0478389232773439,5,False
CCAAT,5,168,15467.128878699848,0.0108617443688179,0.0336700137114853,5,False
GAATT,5,366,23164.54839463021,0.015800005843621,0.0504263375694536,5,False
GCTGC,5,165,41376.80994665106,0.003987740964389,0.0900721633062625,5,False
TGCTA,5,213,25332.30531907916,0.0084082359389367,0.0551452744802256,5,False
GCTAT,5,138,16313.447077295734,0.0084592789829233,0.0355123430522749,5,False
AGTTC,5,187,18232.679610601022,0.010256309220246,0.0396902733080257,5,False
GTTCC,5,112,10530.08703974475,0.0106361893854502,0.0229226883535958,5,False
CCTAT,5,157,10727.309060819814,0.0146355436493783,0.0233520161367857,5,False
GGGTC,5,120,11925.233009528589,0.0100626964608671,0.025959747416111,5,False
ATACC,5,164,5515.284366124451,0.0297355474555959,0.0120060873408692,5,False
TACCA,5,217,16039.42186098655,0.0135291659438062,0.0349158242760507,5,False
AACTC,5,316,14500.731539329592,0.0217920040201371,0.0315662870326348,5,False
TTTCG,5,72,526.1039226354991,0.1368550906051384,0.0011452627328396,5,True
TTCGT,5,49,1138.2046498017285,0.0430502546343802,0.0024777298014291,5,True
ATCTA,5,483,32934.038449665466,0.0146656779045846,0.0716933009914916,5,False
AGTCT,5,169,31201.31195707732,0.005416438905918,0.0679213711639694,5,False
TGGGC,5,178,17137.74491073594,0.0103864307076068,0.0373067367999406,5,False
TTGGG,5,211,21232.52950405942,0.0099375818580475,0.0462205730060025,5,False
AATTG,5,492,11263.23423215892,0.0436819469309477,0.0245186585051807,5,False
CCTGA,5,298,23459.946198249283,0.0127025014244166,0.051069381807088,5,False
CACTA,5,184,51046.15772903846,0.0036045807987489,0.1111211294697533,5,False
ATCGC,5,9,1074.0467524646376,0.0083795234977877,0.0023380660474137,5,True
TCGCT,5,22,16291.507491072283,0.0013503968255887,0.0354645833048285,5,True
TCTAA,5,436,39359.2361933625,0.0110774507375609,0.085680156459361,5,False
TACGA,5,32,1181.803571428571,0.0270772578232423,0.0025726392251815,5,True
CGAAA,5,35,64925.99128624357,0.0005390753272551,0.1413357989051265,5,True
GCTAC,5,92,8738.79229735252,0.0105277705281852,0.0190232627387543,5,False
GTTAG,5,97,18469.29056051125,0.0052519613399441,0.040205345884859,5,False
TTAGG,5,203,9612.451694806365,0.0211184416260506,0.020925110465125,5,False
TATCG,5,11,436.20269955929103,0.0252176339374186,0.0009495589640669,5,True
TCGTC,5,13,29362.87189420251,0.0004427359846421,0.063919316056639,5,True
CAGTT,5,235,26585.65995428005,0.0088393517559516,0.0578736714622073,5,False
AACTA,5,745,56338.189605975385,0.0132237121073727,0.1226412239394815,5,False
ACTAT,5,329,49157.0141036646,0.0066928393841454,0.1070086990201112,5,False
CTATA,5,333,32974.34931028404,0.0100987587917661,0.0717810527158351,5,False
ATGCC,5,147,13071.885025381276,0.0112455089464583,0.0284558660816269,5,False
GCCAA,5,148,38147.75142591288,0.0038796519969842,0.083042904966134,5,False
CAACT,5,186,11069.783836175156,0.0168024961239231,0.0240975410801986,5,False
CAAGA,5,429,26342.98569584444,0.0162851699861672,0.0573453998176745,5,False
GTAAG,5,146,10125.45469894098,0.0144191055454793,0.022041854129622,5,False
CTACT,5,216,23784.627420012228,0.0090814960514478,0.0517761723998576,5,False
TACTC,5,157,26657.748543123547,0.0058894696131605,0.0580305993441586,5,False
GGAAC,5,137,14932.325538895708,0.0091747263105899,0.0325058134306593,5,False
CATTC,5,420,16463.519259181692,0.0255109489889755,0.0358390315063144,5,False
CCTTA,5,198,13640.94667939785,0.0145151216153526,0.0296946424468904,5,False
AAGCG,5,18,1369.5605614997785,0.0131429018226755,0.0029813628143947,5,True
AGCGT,5,7,1305.1891196514753,0.0053632074422051,0.0028412342005674,5,True
GAGTC,5,118,9798.7203401365,0.0120423887919997,0.021330594113155,5,False
GTCAT,5,213,59464.674686587656,0.0035819585514026,0.1294471926721748,5,False
GGCTC,5,166,28294.70626413628,0.005866821816433,0.0615940524804109,5,False
GATAC,5,112,18232.628783888456,0.006142833341672,0.039690162664601,5,False
CAGCG,5,23,2606.10562423052,0.0088254289412352,0.005673167450118,5,True
CCAAG,5,198,11221.250362978322,0.017645092444711,0.0244272648495089,5,False
AAGTC,5,313,12167.719611797318,0.0257238011711354,0.0264876105565341,5,False
GAATC,5,173,7472.250825177659,0.0231523277319704,0.0162661596546118,5,False
TAGGA,5,179,15417.400645789554,0.0116102580527337,0.0335617615402472,5,False
GTTAC,5,134,6901.416265998275,0.0194163045431975,0.0150235238955584,5,False
AAGCT,5,206,14358.986511974235,0.0143464164290573,0.03125772575717,5,False
GAGCA,5,257,20434.822921573545,0.0125765709341517,0.0444840651007099,5,False
CAAGC,5,152,5595.917391542581,0.0271626597329199,0.0121816153973507,5,False
ATTAC,5,408,8285.869843347376,0.0492404548603401,0.0180373069510842,5,False
GGTCG,5,14,1490.0848543510565,0.0093954380914079,0.0032437291930998,5,True
GTCGG,5,15,2024.8166884654609,0.0074080780178515,0.0044077738149426,5,True
TCGGG,5,18,49290.63089195069,0.0003651809618638,0.107299566131193,5,True
TGCTC,5,194,33536.51783719003,0.0057847389207732,0.0730048236016623,5,False
GCGAA,5,11,13893.34838232474,0.000791745783471,0.0302440895268881,5,True
TAGCA,5,168,14746.72254772399,0.0113923618930451,0.0321017788288496,5,False
CTTCG,5,18,956.7470641144748,0.0188137499190133,0.0020827192312026,5,True
GGATT,5,189,16950.369003068743,0.0111501997369958,0.0368988427796713,5,False
TCAAC,5,190,12056.281781761743,0.0157594193167767,0.0262450242759967,5,False
GGTTC,5,74,14360.826598710955,0.0051529067279903,0.0312617313968813,5,False
TCTTA,5,504,21697.132940737265,0.0232288755098015,0.0472319568385177,5,False
TTGGA,5,292,18434.710337396784,0.0158396847390461,0.0401300690448235,5,False
ATTCC,5,294,9322.985633444983,0.031534962249144,0.020294978891807,5,False
ACGAC,5,11,22001.39719240297,0.0004999682476437,0.0478943022295623,5,True
CGACC,5,15,14705.942151994172,0.0010199958523545,0.0320130049850321,5,True
GTCTT,5,263,75513.74465537543,0.0034828096686273,0.1643840196775947,5,False
GGTCT,5,110,31204.12989111624,0.0035251744042802,0.067927505455503,5,False
TCTAG,5,691,15958.717193211423,0.0432992195822569,0.0347401402630785,5,False
CTAGT,5,461,51274.95857194584,0.0089907434903755,0.1116192004161006,5,False
TTGCC,5,207,15867.17377859205,0.0130458015326764,0.0345408616477903,5,False
GTGGC,5,141,18791.75043703481,0.007503292493823,0.0409073008856287,5,False
GGCTA,5,113,21372.82533256646,0.0052870876096955,0.0465259795560185,5,False
AGTTG,5,173,20356.87529338949,0.0084983573120467,0.0443143828196404,5,False
GTGCT,5,129,25009.91209611793,0.0051579549541888,0.0544434645759619,5,False
TTGAG,5,320,23148.01903673625,0.013824077105352,0.0503903552154372,5,False
ATTGG,5,205,5180.44044007793,0.0395719248915669,0.0112771738062622,5,False
CGGAC,5,34,10626.647656444777,0.0031995038415882,0.023132888793107,5,True
AAGGT,5,203,15246.220093071106,0.0133147756467359,0.0331891227911703,5,False
CTAGG,5,147,7743.23867357934,0.0189843043972773,0.0168560664590928,5,False
AGCAT,5,217,52425.648730053465,0.0041391953224529,0.1141241096145046,5,False
GGCGT,5,15,5460.971281743281,0.0027467641242038,0.0118878545188523,5,True
GCGTC,5,8,10634.983630581191,0.0007522343501306,0.0231510351708655,5,True
GCGGC,5,54,60442.97630331753,0.0008934040529211,0.1315768334806008,5,True
ATCCT,5,240,34420.48249147411,0.0069725925561748,0.0749291045890148,5,False
GTTGG,5,145,8349.614351193299,0.017366071521528,0.0181760708076497,5,False
GCTAG,5,87,14745.741887184531,0.0059000083322773,0.0320996440529601,5,False
TGGTT,5,283,24819.93557341211,0.0114021246817078,0.0540299093405636,5,False
TAGGG,5,126,11275.155879195036,0.0111750118002799,0.0245446104463792,5,False
GATTA,5,250,26316.836814258742,0.0094996219250995,0.0572884769583362,5,False
CCGAG,5,11,23774.565129721734,0.0004626793356673,0.0517542680467804,5,True
CGAGA,5,25,69914.89098963396,0.0003575776153853,0.1521960123769171,5,True
TAGGT,5,157,6514.15255825445,0.0241013698398967,0.0141804990231368,5,False
GATCG,5,6,683.3982880929566,0.0087796532483907,0.0014876729812591,5,True
CTAGA,5,569,23549.68456096857,0.0241616824432147,0.051264731049142,5,False
TGTTC,5,372,20782.58714919792,0.0178996001474415,0.0452411045231073,5,False
CTCGT,5,18,2248.0107337249347,0.0080070792056113,0.0048936394609292,5,True
TACCC,5,94,12842.753867713003,0.007319302461781,0.0279570760811735,5,False
CGCCC,5,79,61083.86207429718,0.001293303948331,0.1329719620054621,5,True
ACTGT,5,265,19416.447517358494,0.0136482227123724,0.0422671886466332,5,False
GTTCG,5,14,463.8804863323679,0.0301801873812149,0.0010098100596297,5,True
CGTGA,5,21,41346.15923996482,0.0005079069104852,0.0900054405342157,5,True
AAACG,5,70,685.0573655972153,0.1021812238147031,0.0014912845864093,5,True
GCGCA,5,33,21630.441154303084,0.0015256276912981,0.0470867771234399,5,True
CGCAC,5,36,17444.94869830935,0.0020636346155313,0.037975481194646,5,True
CTGGT,5,166,21164.591668064662,0.0078432885738342,0.0460726807961806,5,False
GAACG,5,21,561.6639411810214,0.0373889054651486,0.0012226724655314,5,True
ACCTA,5,174,14755.863923689138,0.0117919222418864,0.0321216784661063,5,False
ACTAG,5,447,44433.07649712785,0.0100600731535862,0.0967252750419654,5,False
CTAAT,5,245,54054.93255194632,0.0045324263380507,0.1176708576278725,5,False
CCTTG,5,183,13319.385901595666,0.0137393721716611,0.0289946446720878,5,False
GATTC,5,147,13920.013048960547,0.0105603349280607,0.0303021351860587,5,False
ATTCG,5,15,410.7042129270918,0.0365226348497739,0.0008940519335597,5,True
TTCGC,5,13,941.9624688014304,0.0138009744873821,0.0020505350080793,5,True
TTGGC,5,169,9732.291211642434,0.0173648729086353,0.0211859861717085,5,False
CGTAG,5,7,11814.933401464828,0.0005924705423334,0.0257196389030829,5,True
CGTTG,5,14,11336.760864766764,0.0012349206415308,0.024678716829352,5,True
TAGCC,5,111,8078.5202443427615,0.0137401401052044,0.017585932691756,5,False
GTCTA,5,138,33309.22444003046,0.0041429964918112,0.0725100341770114,5,False
ACTCG,5,11,981.8746879538209,0.0112030589391437,0.0021374189395869,5,True
TTAGC,5,169,7904.454079613497,0.0213803506602525,0.0172070123246276,5,False
TAAGG,5,154,7023.384010057692,0.0219267520869523,0.0152890324878153,5,False
GGGTA,5,122,13050.254991559585,0.009348476338501,0.0284087801912158,5,False
GCTAA,5,139,36367.65604386669,0.0038220775029421,0.0791678589643007,5,False
TAAGC,5,143,3856.570960433161,0.0370795718442941,0.0083952747879356,5,False
AACGA,5,34,1726.379911171848,0.0196943904293471,0.0037581141100102,5,True
CTTAA,5,308,14728.174927303602,0.0209122991490968,0.0320614029686129,5,False
CACCG,5,19,1277.152671625013,0.014876843170069,0.0027802023441139,5,True
ACCGG,5,11,1624.557592611905,0.0067710741989236,0.0035364596006998,5,True
CGGAA,5,7,36951.22818499128,0.0001894388994313,0.0804382228532552,5,True
GATCC,5,58,13875.056152190333,0.0041801632630397,0.0302042696195046,5,False
GTAGG,5,107,6514.968373200849,0.0164237174872777,0.0141822749506956,5,False
GTTGA,5,182,13739.074476586387,0.0132468893963823,0.0299082544431909,5,False
CTCGC,5,36,1860.4226761861528,0.0193504414135607,0.0040499085193897,5,True
TCGCA,5,9,22928.7883207684,0.000392519651457,0.0499131172438326,5,True
CGTTT,5,26,48974.80693579242,0.0005308851964253,0.1066120567028008,5,True
CCGTT,5,9,7653.109615123079,0.0011759925641487,0.0166598667210662,5,True
GCAAC,5,120,11968.103606674562,0.0100266511674478,0.0260530713681544,5,False
TAGTC,5,93,44517.43424902795,0.0020890691830927,0.0969089113642216,5,False
CCTCG,5,45,3238.117735977713,0.0138969622691661,0.0070489791237155,5,True
CTCGA,5,13,1782.9050646783965,0.0072914706775736,0.0038811623310818,5,True
TCGAC,5,5,17980.83729937502,0.0002780738136245,0.0391420439541093,5,True
CGCGC,5,30,19638.163679564645,0.0015276377409573,0.0427498371252283,5,True
TTCCG,5,14,1060.0565771366053,0.0132068422591333,0.0023076111776822,5,True
CGCTA,5,6,11086.103543147634,0.0005412181093788,0.0241330670502632,5,True
TTCGA,5,21,902.7140326013708,0.023263181075721,0.0019650960494093,5,True
TCGAT,5,8,20460.952788943985,0.0003909886349145,0.0445409465684692,5,True
CTAGC,5,103,6367.373950587969,0.016176213427906,0.0138609802700805,5,False
CGTCA,5,5,35206.369571061594,0.0001420197555419,0.0766398829081785,5,True
GCACG,5,33,3336.2522439789423,0.0098913384200958,0.0072626057286196,5,True
ACGAG,5,33,47796.1387283237,0.0006904323419842,0.1040462427745664,5,True
CGAAT,5,4,21788.66725645272,0.0001835816735792,0.047431215646625,5,True
CAACG,5,12,593.1616947706939,0.0202305713699853,0.0012912391532187,5,True
ATGGC,5,137,12350.407151846872,0.0110927517057211,0.0268852985842622,5,False
AATCG,5,15,419.4344367084536,0.0357624426780827,0.0009130565437061,5,True
CCGCA,5,20,45714.395146855,0.0004374989526986,0.0995145462016896,5,True
TGTCG,5,13,1115.9752890069622,0.0116490034573865,0.0024293392508216,5,True
TCGGT,5,9,6605.960841189268,0.0013624058961844,0.0143803542237681,5,True
CGGTT,5,6,7534.513560748269,0.0007963354172268,0.0164016978774337,5,True
AGCGC,5,15,2813.407657915402,0.0053316127002775,0.0061244381656676,5,True
CGCTT,5,9,17825.95058358398,0.0005048819112226,0.0388048748592301,5,True
TCGAA,5,17,29761.385874827614,0.0005712099588204,0.0647868313723188,5,True
ACCGC,5,11,2801.989242303102,0.0039257823812908,0.0060995816966199,5,True
ATCGA,5,11,1029.2948044452776,0.0106869285189176,0.0022406466287714,5,True
GCTCG,5,14,1675.9942938377417,0.0083532503967793,0.0036484308947344,5,True
TCGAG,5,8,39061.81896071124,0.0002048035706695,0.0850327161761685,5,True
CTGCG,5,26,2557.904879643349,0.010164568748008,0.0055682404307674,5,True
GCCCG,5,44,6229.061116221926,0.0070636648411449,0.013559890451401,5,True
CGTCC,5,6,22301.140853694964,0.0002690445318184,0.0485468068582352,5,True
GCCTA,5,92,14641.38634419283,0.0062835579799101,0.031872475029481,5,False
CCGTG,5,23,18312.79800761594,0.0012559522575651,0.0398646810825513,5,True
CGTGC,5,15,33145.74208141424,0.0004525468147056,0.0721541534379704,5,True
GCGAT,5,10,9551.67701284826,0.0010469365731848,0.0207928115497356,5,True
GCGGA,5,26,58592.68111035884,0.0004437414282345,0.1275489712311947,5,True
ATGCG,5,15,1288.243741631778,0.0116437592632897,0.0028043462225371,5,True
CGTAC,5,8,10041.389314710725,0.0007967025029375,0.0218588542553795,5,True
AACCG,5,9,774.4429083789245,0.0116212569094846,0.0016858657833898,5,True
TCGCG,5,11,20816.926238592365,0.0005284161491434,0.0453158564450586,5,True
CTACG,5,8,474.57589922559606,0.0168571560693542,0.0010330926417811,5,True
TACGC,5,5,1212.903665413534,0.0041223389314231,0.0026403402574232,5,True
TGCCG,5,15,5090.00773597157,0.0029469503344746,0.0110803130694631,5,True
ATCGG,5,9,1006.9188304355976,0.0089381583976402,0.0021919369194503,5,True
TCGCC,5,13,51891.46830489691,0.0002505228783201,0.1129612653413055,5,True
TCCGA,5,8,788.61082685109,0.010144420704879,0.0017167075778147,5,True
TCGGA,5,13,24137.164612037708,0.0005385885297197,0.0525436019714605,5,True
AGCGA,5,27,1334.193322310397,0.020236947336271,0.0029043727383578,5,True
TGGCG,5,33,7996.991599913351,0.0041265517898452,0.0174084549842031,5,True
CGGCC,5,48,23472.99094807051,0.0020449034426925,0.0510977786032089,5,True
CGCAG,5,21,27732.20086143316,0.0007572424599449,0.0603695482579187,5,True
CGTCG,5,9,1924.4639315371287,0.0046766270089621,0.0041893183583248,5,True
GTCGT,5,9,2609.763731799927,0.0034485880427929,0.0056811306948149,5,True
GTCGC,5,11,2159.8044676964914,0.0050930536372729,0.0047016254026054,5,True
CGCCA,5,30,78821.67586894888,0.0003806059649109,0.171584974049356,5,True
ACGAT,5,11,25036.072667217173,0.0004393660358081,0.0545004128819157,5,True
CGATC,5,8,13585.009900298714,0.0005888843702516,0.0295728750436435,5,True
TGCGC,5,29,2272.205069290299,0.0127629325327831,0.0049463075169476,5,True
GCGCC,5,40,48953.10366500172,0.0008171085591167,0.1065648113846271,5,True
CGAGG,5,35,59545.76718336092,0.0005877831734407,0.1296237209405863,5,True
TGCGA,5,7,1077.5405483232348,0.0064962752546924,0.0023456716059751,5,True
CGATG,5,8,22759.302300500443,0.0003515046241037,0.0495441672809093,5,True
AACGC,5,13,1771.8109614658442,0.0073371258462273,0.0038570118497473,5,True
TTCGG,5,14,883.0898145013409,0.0158534271034543,0.0019223765700743,5,True
TACGG,5,5,730.8522086466165,0.006841328439383,0.001590974257678,5,True
TCGTA,5,6,21354.81592305637,0.0002809670671767,0.0464867753139193,5,True
CGCCG,5,32,10807.144828529505,0.0029610040864377,0.0235258086625048,5,True
CCGAA,5,11,18113.95438454989,0.0006072666280634,0.0394318232737375,5,True
TGCGG,5,15,5481.401919731237,0.0027365262061891,0.0119323294738736,5,True
CGAGT,5,2,21229.093709884462,9.421033357956216e-05,0.0462130937098844,5,True
TTGCG,5,10,1563.7214738322602,0.0063950007513119,0.0034040269449996,5,True
ACGTC,5,10,24370.72689948556,0.0004103283435592,0.0530520379897111,5,True
ACCGT,5,7,521.6469334074924,0.0134190379578668,0.001135560422243,5,True
CGTGG,5,23,53044.65644516984,0.0004335969264646,0.1154716123358523,5,True
CGATT,5,5,24994.06583388292,0.0002000474846001,0.0544089692361407,5,True
CGCAT,5,11,23951.945548478023,0.0004592528810545,0.0521404031322583,5,True
TCGTT,5,25,24913.951910232438,0.0010034538113454,0.0542345711995725,5,True
GCGTT,5,5,9023.622474432526,0.0005541011954087,0.0196433025692192,5,True
GTCGA,5,8,2069.8126148758047,0.0038650841832269,0.0045057243441635,5,True
AGTCG,5,6,1489.950290085153,0.0040269799871357,0.0032434362634479,5,True
CGGAT,5,9,13669.418785838943,0.0006584039995412,0.0297566226774674,5,True
CGTTA,5,7,14156.164001569628,0.0004944842401673,0.030816206406043,5,True
TAGCG,5,5,876.3140604032827,0.0057057169637321,0.0019076265970718,5,True
CGACG,5,4,1864.7304169675608,0.0021450821864668,0.0040592859347014,5,True
CGTTC,5,3,10153.794513660663,0.0002954560480777,0.0221035463775935,5,True
CGCAA,5,6,24974.473624933104,0.0002402453036691,0.0543663194367402,5,True
ACGGT,5,6,5109.823845327604,0.0011742087754133,0.0111234502721695,5,True
CCGAT,5,7,12453.34363937805,0.0005620980358934,0.0271093785006945,5,True
ACCGA,5,5,819.7308953546309,0.0060995627081213,0.0017844520920962,5,True
GCGTA,5,6,7734.533549513595,0.0007757416735721,0.0168371164879022,5,True
CGGTC,5,3,4861.399184413232,0.0006171062869345,0.0105826607174398,5,True
CGACT,5,4,22292.004530112205,0.0001794365327082,0.0485269182193859,5,True
CGCGT,5,2,9110.48830495267,0.0002195272012931,0.019832398666343,5,True
CGATA,5,1,26287.87630057803,3.8040349420619095e-05,0.0572254335260115,5,True
CGGTA,5,1,5320.021748980517,0.0001879691563651,0.0115810249360662,5,True
